name,class,power_type,level,flavor_text,power_source,power_usage,implement,weapon,acid_damage,cold_damage,fire_damage,force_damage,lightening_damage,necrotic_damage,poison_damage,psychic_damage,radiant_damage,thunder_damage,charm_effect,conjuration_effect,fear_effect,healing_effect,illusion_effect,poison_effect,polymorph_effect,reliable_effect,sleep_effect,stance_effect,teleportation_effect,zone_effect,power_accessories,action_type,attack_type,range,trigger,prerequesite,requirement,target,attack_from,attack_against,attack_count,secondary_target,secondary_attack_from,secondary_attack_against,secondary_hit,effect,sustain,sustain_minor,hit,miss,special,weapon_attack_mod,weapon_hit_mod
Lance Of Faith,Cleric,Attack,1,"A brilliant ray of light sears your foe with golden radiance. Sparkles of light linger around the target, guiding your ally’s attack.",Divine,At-Will,1,,,,,,,,,,1,,,,,,,,,,,,,,,Standard,Ranged,5,,,,1 Creature,Wisdom,Reflex,,,,,,,,,"1d8 + Wisdom modifier radiant damage, and one ally you can see gains a +2 power bonus to his or her next at- tack roll against the target.  Increase damage to 2d8 + Wisdom modifier at 21st level.",,,,
Priest's Shield,Cleric,Attack,1,You utter a minor defensive prayer as you attack with your weapon.,Divine,At-Will,,1,,,,,,,,,,,,,,,,,,,,,,,,Standard,Melee,1,,,,1 Creature,Strength,Armor Class,,,,,,,,,"1[W] + Strength modifier damage, and you and one adjacent ally gain a +1 power bonus to AC until the end of your next turn. Increase damage to 2[W] + Strength modifier at 21st level.",,,,
Righteous Brand,Cleric,Attack,1,"You smite your foe with your weapon and brand it with a ghostly, glowing symbol of your deity’s anger. By naming one of your allies when the symbol appears, you add divine power to that ally’s attacks against the branded foe.",Divine,At-Will,,1,,,,,,,,,,,,,,,,,,,,,,,,Standard,Melee,1,,,,1 Creature,Strength,Armor Class,,,,,,,,,"1[W] + Strength modifier damage, and one ally within5 squares of you gains a power bonus to melee attack rollsagainst the target equal to your Strength modifier until theend of your next turn. Increase damage to 2[W] + Strength modifier at 21st level.",,,,
Sacred Flame,Cleric,Attack,1,"Sacred light shines from above, searing a single enemy with its radiance while at the same time aiding an ally with its beneficent power.",Divine,At-Will,1,,,,,,,,,,1,,,,,,,,,,,,,,,Standard,Ranged,5,,,,1 Creature,Wisdom,Reflex,,,,,,,,,"1d6 + Wisdom modifier radiant damage, and one ally you can see chooses either to gain temporary hit pointsequal to your Charisma modifier + one-half your level orto make a saving throw. Increase damage to 2d6 + Wisdom modifier at 21st level.",,,,
Cause Fear,Cleric,Attack,1,"Your holy symbol ignites with the fury of your god. Uncontrol-lable terror grips your enemy, causing him to instantly recoil.",Divine,Encounter,1,,,,,,,,,,,,,,1,,,,,,,,,,,Standard,Ranged,10,,,,1 Creature,Wisdom,Will,,,,,,,,,"The target moves its speed + your Charisma modifier away from you. The fleeing target avoids unsafe squaresand difficult terrain if it can. This movement provokes opportunity attacks.",,,,
Divine Glow,Cleric,Attack,1,"Murmuring a prayer to your deity, you invoke a blast of white radiance from your holy symbol. Foes burn in its stern light, but your allies are heartened and guided by it.",Divine,Encounter,1,,,,,,,,,,1,,,,,,,,,,,,,,,Standard,Close Blast,3,,,,Each enemy in blast,Wisdom,Reflex,,,,,,"Allies in the blast gain a +2 power bonus to attack rollsuntil the end of your next turn.",,, 1d8 + Wisdom modifier radiant damage.,,,,
Healing Strike,Cleric,Attack,1,"Divine radiance gleams from your weapon. When you smite your enemy, your deity bestows a minor blessing in the form of healing for you or one of your allies.",Divine,Encounter,,1,,,,,,,,,1,,,,,1,,,,,,,,,,Standard,Melee,Weapon,,,,1 Creature,Strength,Armor Class,,,,,,,,," 2[W] + Strength modifier radiant damage, and the target is marked until the end of your next turn. Inaddition, you or one ally within 5 squares of you can spend a healing surge.",,,,
Wrathful Thunder,Cleric,Attack,1,"Your arm is made strong by the power of your deity. When you strike, a terrible thunderclap smites your adversary and dazes him.",Divine,Encounter,,1,,,,,,,,,,1,,,,,,,,,,,,,,Standard,Melee,Weapon,,,,1 Creature,Strength,Armor Class,,,,,,,,,"1[W] + Strength modifier thunder damage, and thetarget is dazed until the end of your next turn.",,,,
Avenging Flame,Cleric,Attack,1,"You slam your weapon into your foe, who bursts into flame. Di-vine fire avenges each attack your enemy dares to make.",Divine,Daily,,1,,,1,,,,,,,,,,,,,,,,,,,,,Standard,Melee,Weapon,,,,1 Creature,Strength,Armor Class,,,,,,,,,"2[W] + Strength modifier damage, and ongoing 5 firedamage (save ends).","Half damage, and no ongoing fire damage."," If the target attacks on its turn, it can’t attempt asaving throw against the ongoing damage.",,
Beacon of Hope,Cleric,Attack,1,A burst of divine energy harms your foes and heals your allies. The radiant energy lingers around your holy symbol and im- proves your healing powers for the rest of the battle.,Divine,Daily,1,,,,,,,,,,,,,,,1,,,,,,,,,,Standard,Close Burst,3,,,,Each enemy in burst,Wisdom,Will,,,,,,"You and all your allies in the burst regain 5 hit points, and your healing powers restore +5 hit points until the end of the encounter.",,,The target is weakened until the end of its next turn.,,,,
Cascade of Light,Cleric,Attack,1,A burst of divine radiance sears your foe.,Divine,Daily,1,,,,,,,,,,1,,,,,,,,,,,,,,,Standard,Ranged,10,,,,1 Creature,Wisdom,Will,,,,,,,,,"3d8 + Wisdom modifier radiant damage, and the targetgains vulnerability 5 to all your attacks (save ends).","Half damage, and the target gains no vulnerability.",,,
Guardian of Faith,Cleric,Attack,1,"You conjure a ghostly guardian, indistinct except for a glowing shield emblazoned with your deity’s symbol. A burst of radiance erupts from it to sear foes that move next to it.",Divine,Daily,1,,,,,,,,,,1,,,1,,,,,,,,,,,,Standard,Ranged,5,,,,,,,,,,,,"You conjure a guardian that occupies 1 square withinrange. Every round, you can move the guardian 3 squares as a move action. The guardian lasts until the end of the encounter. Any creature that ends its turn next to the con- jured guardian is subject to a Wisdom vs. Fortitude attack. On a hit, the attack deals 1d8 + Wisdom modifier radiant damage.",,,,,,,
Bless,Cleric,Utility,2,You beseech your deity to bless you and your allies.,Divine,Daily,,,,,,,,,,,,,,,,,,,,,,,,,,Standard,Close Burst,20,,,,You and each ally in burst,,,,,,,,"Until the end of the encounter, all targets gain a+1 power bonus to attack rolls.",,,,,,,
Cure Light Wounds,Cleric,Utility,2,"You utter a simple prayer and gain the power to instantly heal wounds, and your touch momentarily suffuses you or a wounded creature with a dim silver light.",Divine,Daily,,,,,,,,,,,,,,,,1,,,,,,,,,,Standard,Melee,Touch,,,,You or one creature,,,,,,,,"The target regains hit points as if it had spent a heal-ing surge.",,,,,,,
Divine Aid,Cleric,Utility,2,"You beseech your deity to grant you or one of your allies thestrength to overcome a hindrance.",Divine,Encounter,,,,,,,,,,,,,,,,,,,,,,,,,,Standard,Ranged,5,,,,You or one ally,,,,,,,,"The target makes a saving throw with a bonus equalto your Charisma modifier.",,,,,,,
Sanctuary,Cleric,Utility,2,"You cast a protective ward upon a creature that makes enemies’attacks less effective.",Divine,Encounter,,,,,,,,,,,,,,,,,,,,,,,,,,Standard,Ranged,10,,,,You or one creature,,,,,,,,The target receives a +5 bonus to all defenses. The effect lasts until the target attacks or until the end of your next turn.,,,,,,,
Shield of Faith,Cleric,Attack,2,"A gleaming shield of divine energy appears over you, grantingyou and nearby allies protection against attacks.",Divine,Daily,,,,,,,,,,,,,,,,,,,,,,,,,,Standard,Close Burst,5,,,,You and each ally in burst,,,,,,,,"The targets gain a +2 power bonus to AC until theend of the encounter.",,,,,,,
Blazing Beacon,Cleric,Attack,3,"You invoke your deity’s name, and holy light envelops your weapon. When you strike your foe, a blazing beacon in the form of a holy rune floats above its head to guide your allies’ ranged attacks as well.",Divine,Encounter,,1,,,,,,,,,1,,,,,,,,,,,,,,,Standard,Melee,Weapon,,,,1 Creature,Strength,Armor Class,,,,,,,,," 1[W] + Strength modifier radiant damage, and allranged attack rolls against the target gain a +4 power bo- nus until the end of your next turn.",,,,
Command,Cleric,Attack,3,"You utter a single word to your foe, a word that demands obedi- ence. You can choose to drive the foe back, order it closer, or cause the foe to throw itself to the ground.",Divine,Encounter,1,,,,,,,,,,,,1,,,,,,,,,,,,,Standard,Ranged,10,,,,1 Creature,Wisdom,Will,,,,,,,,,"The target is dazed until the end of your next turn. In addition, you can choose to knock the target prone orslide the target a number of squares equal to 3 + your Charisma modifier.",,,,
Daunting Light,Cleric,Attack,3,"A burning column of light engulfs your foe. Its brilliance burnsand hinders your foe’s defense for a short time.",Divine,Encounter,1,,,,,,,,,,1,,,,,,,,,,,,,,,Standard,Ranged,10,,,,1 Creature,Wisdom,Reflex,,,,,,"One ally you can see gains combat advantage againstthe target until the end of your next turn.",,,2d10 + Wisdom modifier radiant damage.,,,,
Split the Sky,Cleric,Attack,3,You invoke ancient words of wrath as you attack with your weap- on. The thundering power of your melee strike causes your foe to stumble backward and fall.,Divine,Encounter,,1,,,,,,,,,,1,,,,,,,,,,,,,,Standard,Melee,Weapon,,,,1 Creature,Strength,Fortitude,,,,,,,,,"1[W] + Strength modifier thunder damage, and youpush the target 2 squares and knock it prone.",,,,
Consecrated Ground,Cleric,Attack,5,"With a wave of your hand, jagged lines of radiant light spread across the ground around you like a crackling web, moving at your whim. Enemies that stand upon this ground suffer the wrath of your deity.",Divine,Daily,,,,,,,,,,,1,,,,,1,,,,,,,,1,,Standard,Close Burst,1,,,,,,,,,,,," The burst creates a zone of sanctified ground thatlasts until the end of your next turn. You can move the ori- gin square of the zone 3 squares as a move action. Enemies that start their turns within the zone take 1d6 + your Cha- risma modifier radiant damage. You and any allies who are bloodied and start their turns within the zone regain hit points equal to 1 + your Charisma modifier.",,The zone persists.,,,,,
Rune of Peace,Cleric,Attack,5,"You smash your weapon into your foe, leaving behind a glowingrune that prevents your foe from making attacks.",Divine,Daily,,1,,,,,,,,,,,1,,,,,,,,,,,,,Standard,Melee,Weapon,,,,1 Creature,Strength,Will,,,,,,,,,"1[W] + Strength modifier damage, and the target can-not attack (save ends).","The target cannot attack you until the end of your nextturn.",,,
Spiritual Weapon,Cleric,Attack,5,You conjure a glowing weapon adorned with the symbol of your deity. The weapon attacks one of your foes and guides your allies’ attacks against the same target.,Divine,Daily,1,,,,,,,,,,,,,1,,,,,,,,,,,,Standard,Ranged,10,,,,1 Creature,Wisdom,Armor Class,,,,,,"You conjure a weapon that appears in the target’ssquare and attacks. Your allies gain combat advantage against the target. You can move the weapon up to 10 squares to another enemy’s square as a move action. The weapon lasts until the end of your next turn.",,"When you sustain the power, repeat the attack. Your allies continue to gain combat advantage against the weapon’s target.", 1d10 + Wisdom modifier damage.,,,,
Weapon of the Gods,Cleric,Attack,5,"Your weapon glows with divine radiance, enhancing your attacks.",Divine,Daily,,1,,,,,,,,,1,,,,,,,,,,,,,,,Minor,Melee,Touch,,,,One held weapon,,,,,,,,"Until the end of the encounter, all attacks made withthe weapon deal an extra 1d6 radiant damage. When theweapon hits an enemy, the enemy takes a –2 penalty to AC until the end of the weapon wielder’s next turn.",,,,,,,
Bastion of Health,Cleric,Utility,6,You invoke a prayer that instantly fortifies one of your allies.,Divine,Encounter,,,,,,,,,,,,,,,,1,,,,,,,,,,Minor,Ranged,10,,,,You or one ally,,,,,,,,"The target can spend a healing surge. Add your Cha-risma modifier to the hit points regained.",,,,,,,
Cure Serious Wounds,Cleric,Utility,6,"You utter a simple prayer and gain the power to instantly heal wounds, and your touch momentarily suffuses you or a wounded creature with bright silver light.",Divine,Daily,,,,,,,,,,,,,,,,1,,,,,,,,,,Standard,Melee,Touch,,,,You or one creature,,,,,,,,"The target regains hit points as if it had spent twohealing surges.",,,,,,,
Divine Vigor,Cleric,Utility,6,"You call upon your deity to invigorate you and your battle-wearyallies.",Divine,Daily,,,,,,,,,,,,,,,,1,,,,,,,,,,Minor,Close Burst,5,,,,You and each target in burst,,,,,,,,Each target regains the use of his or her second wind.,,,,,,,
Holy Lantern,Cleric,Utility,6,"A conjured beacon of divine light shines like a lantern, piercingshadows and deception.",Divine,At-Will,,,,,,,,,,,,,,1,,,,,,,,,,,,Standard,Ranged,3,,,,,,,,,,,,"You conjure a lantern that appears in 1 square withinrange and sheds light 5 squares in all directions. You and allies in the light gain a +2 power bonus to Perception andInsight checks. You can move the lantern up to your speed as a minor action. The lantern lasts for 10 hours, but you can have only a single holy lantern active at a time.",,,,,,,
Awe Strike,Cleric,Attack,7,"The supernatural awe and dread that radiates from you as youswing your weapon leaves your foe momentarily frozen in terror.",Divine,Encounter,,1,,,,,,,,,,,,,1,,,,,,,,,,,Standard,Melee,Weapon,,,,1 Creature,Strength,Will,,,,,,,,,"1[W] + Strength modifier damage, and the target is im-mobilized until the end of your next turn.",,,,
Break the Spirit,Cleric,Attack,7,"Calling down the power of your god, you bathe your foe in ago-nizing radiance, driving strength out of its impending attacks.",Divine,Encounter,1,,,,,,,,,,1,,1,,,,,,,,,,,,,Standard,Ranged,10,,,,1 Creature,Wisdom,Will,,,,,,,,,"2d8 + Wisdom modifier radiant damage, and the tar- get takes a penalty to attack rolls equal to your Charisma modifier until the end of your next turn.",,,,
Searing Light,Cleric,Attack,7,"You invoke the power of your deity. From your holy symbol a sear- ing ray of light flashes forth, striking and blinding your enemy for a short time.",Divine,Encounter,1,,,,,,,,,,1,,,,,,,,,,,,,,,Standard,Ranged,10,,,,1 Creature,Wisdom,Reflex,,,,,,,,,"2d6 + Wisdom modifier radiant damage, and the targetis blinded until the end of your next turn.",,,,
Strengthen the Faithful,Cleric,Attack,7,"You utter a solemn prayer as you bring your weapon down upon your foe, invoking the power of your deity to physically bolster you and nearby allies.",Divine,Encounter,,1,,,,,,,,,,,,,,1,,,,,,,,,,Standard,Melee,Weapon,,,,1 Creature,Strength,Armor Class,,,,,,,,,"2[W] + Strength modifier damage, and you and eachally adjacent to the target can spend a healing surge. Add your Charisma modifier to the hit points regained.",,,,
Astral Defenders,Cleric,Attack,9,"You conjure two ghostly soldiers, indistinct except for glowing weapons. They lash out with divine radiance against enemies that pass.",Divine,Daily,1,,,,,,,,,,1,,,1,,,,,,,,,,,,Standard,Ranged,10,,,,,,,,,,,,"You conjure two soldiers, each occupying 1 squarewithin range. The conjured soldiers don’t attack normally, but whenever an opportunity attack would be provoked from a conjured soldier, the soldier makes a Wisdom vs. Reflex attack. On a hit, the attack deals 1d10 + Wisdom modifier radiant damage.You can move one soldier or both a total of 3 squares as a move action. Creatures can move through the spacesoccupied by the soldiers. The soldiers last until the end of the encounter.",,,,,,,
Blade Barrier,Cleric,Attack,9,"A barrier of whirling blades appears, slashing at those who cometoo close or try to pass through.",Divine,Daily,1,,,,,,,,,,,,,1,,,,,,,,,,,,Standard,Area,wall 5 within 10 squares,,,,,,,,,,,,"You conjure a wall of contiguous squares filled withspinning blades of astral energy that lasts until the end of your next turn. The wall can be up to 5 squares long and up to 2 squares high. The spaces occupied by the blade barrier are difficult terrain.If a creature enters the barrier’s space or starts its turn there, it takes 3d6 + Wisdom modifier damage plus ongoing 5 damage (save ends).",,The barrier persists.,,,,,
Divine Power,Cleric,Attack,9,"You swing your weapon in a wide arc around you, creating a halo of divine energy that drives foes back while fortifying you and your allies.",Divine,Daily,,1,,,,,,,,,1,,,,,1,,,,,,,,,,Standard,Close Burst,2,,,,Each enemy in burst you can see,Strength,Fortitude,,,,,,"Until the end of the encounter, you gain regeneration5, and you and each ally within the burst gain a +2 power bonus to AC.",,,"2[W] + Strength modifier radiant damage, and you pushthe target 1 square.",,,,
Flame Strike,Cleric,Attack,9,,Divine,Daily,,,,,,,,,,,,,,,,,,,,,,,,,,,,,,,,,,,,,,,,,,,,,,,
Astral Refuge,Cleric,Utility,10,,Divine,Daily,,,,,,,,,,,,,,,,,,,,,,,,,,,,,,,,,,,,,,,,,,,,,,,
Knights of Unyeilding Valor,Cleric,Utility,10,,Divine,Daily,,,,,,,,,,,,,,,,,,,,,,,,,,,,,,,,,,,,,,,,,,,,,,,
Mass Cure Light Wounds,Cleric,Utility,10,,Divine,Daily,,,,,,,,,,,,,,,,,,,,,,,,,,,,,,,,,,,,,,,,,,,,,,,
Shielding Word,Cleric,Utility,10,,Divine,Encounter,,,,,,,,,,,,,,,,,,,,,,,,,,,,,,,,,,,,,,,,,,,,,,,
Arc of the Righteous,Cleric,Attack,13,,Divine,Encounter,,,,,,,,,,,,,,,,,,,,,,,,,,,,,,,,,,,,,,,,,,,,,,,
Inspiring Strike,Cleric,Attack,13,,Divine,Encounter,,,,,,,,,,,,,,,,,,,,,,,,,,,,,,,,,,,,,,,,,,,,,,,
Mantle of Glory,Cleric,Attack,13,,Divine,Encounter,,,,,,,,,,,,,,,,,,,,,,,,,,,,,,,,,,,,,,,,,,,,,,,
Plague of Doom,Cleric,Attack,13,,Divine,Encounter,,,,,,,,,,,,,,,,,,,,,,,,,,,,,,,,,,,,,,,,,,,,,,,
Holy Spark,Cleric,Attack,15,,Divine,Daily,,,,,,,,,,,,,,,,,,,,,,,,,,,,,,,,,,,,,,,,,,,,,,,
Purifying Fire,Cleric,Attack,15,,Divine,Daily,,,,,,,,,,,,,,,,,,,,,,,,,,,,,,,,,,,,,,,,,,,,,,,
Seal of Warding,Cleric,Attack,15,,Divine,Daily,,,,,,,,,,,,,,,,,,,,,,,,,,,,,,,,,,,,,,,,,,,,,,,
Astral Shield,Cleric,Utility,16,,Divine,Encounter,,,,,,,,,,,,,,,,,,,,,,,,,,,,,,,,,,,,,,,,,,,,,,,
Cloak of Peace,Cleric,Utility,16,,Divine,Daily,,,,,,,,,,,,,,,,,,,,,,,,,,,,,,,,,,,,,,,,,,,,,,,
Divine Armor,Cleric,Utility,16,,Divine,Daily,,,,,,,,,,,,,,,,,,,,,,,,,,,,,,,,,,,,,,,,,,,,,,,
Hallowed Ground,Cleric,Utility,16,,Divine,Daily,,,,,,,,,,,,,,,,,,,,,,,,,,,,,,,,,,,,,,,,,,,,,,,
Blinding Light,Cleric,Attack,17,,Divine,Encounter,,,,,,,,,,,,,,,,,,,,,,,,,,,,,,,,,,,,,,,,,,,,,,,
Enthrall,Cleric,Attack,17,,Divine,Encounter,,,,,,,,,,,,,,,,,,,,,,,,,,,,,,,,,,,,,,,,,,,,,,,
Sentinental Strike,Cleric,Attack,17,,Divine,Encounter,,,,,,,,,,,,,,,,,,,,,,,,,,,,,,,,,,,,,,,,,,,,,,,
Thunderous Word,Cleric,Attack,17,,Divine,Encounter,,,,,,,,,,,,,,,,,,,,,,,,,,,,,,,,,,,,,,,,,,,,,,,
Fire Storm,Cleric,Attack,19,,Divine,Daily,,,,,,,,,,,,,,,,,,,,,,,,,,,,,,,,,,,,,,,,,,,,,,,
Holy Wrath,Cleric,Attack,19,,Divine,Daily,,,,,,,,,,,,,,,,,,,,,,,,,,,,,,,,,,,,,,,,,,,,,,,
Indominable Spirit,Cleric,Attack,19,,Divine,Daily,,,,,,,,,,,,,,,,,,,,,,,,,,,,,,,,,,,,,,,,,,,,,,,
Knight of Glory,Cleric,Attack,19,,Divine,Daily,,,,,,,,,,,,,,,,,,,,,,,,,,,,,,,,,,,,,,,,,,,,,,,
Angel of the Elven Winds,Cleric,Utility,22,,Divine,Daily,,,,,,,,,,,,,,,,,,,,,,,,,,,,,,,,,,,,,,,,,,,,,,,
Clarion Call of the Astral Sea,Cleric,Utility,22,,Divine,Daily,,,,,,,,,,,,,,,,,,,,,,,,,,,,,,,,,,,,,,,,,,,,,,,
Cloud Chariot,Cleric,Utility,22,,Divine,Daily,,,,,,,,,,,,,,,,,,,,,,,,,,,,,,,,,,,,,,,,,,,,,,,
Purify,Cleric,Utility,22,,Divine,Daily,,,,,,,,,,,,,,,,,,,,,,,,,,,,,,,,,,,,,,,,,,,,,,,
Spirit of Health,Cleric,Utility,22,,Divine,Daily,,,,,,,,,,,,,,,,,,,,,,,,,,,,,,,,,,,,,,,,,,,,,,,
Astral Blades of Death,Cleric,Attack,23,,Divine,Encounter,,,,,,,,,,,,,,,,,,,,,,,,,,,,,,,,,,,,,,,,,,,,,,,
Divine Censure,Cleric,Attack,23,,Divine,Encounter,,,,,,,,,,,,,,,,,,,,,,,,,,,,,,,,,,,,,,,,,,,,,,,
Haunting Strike,Cleric,Attack,23,,Divine,Encounter,,,,,,,,,,,,,,,,,,,,,,,,,,,,,,,,,,,,,,,,,,,,,,,
Healing Torch,Cleric,Attack,23,,Divine,Encounter,,,,,,,,,,,,,,,,,,,,,,,,,,,,,,,,,,,,,,,,,,,,,,,
Nimbus of Doom,Cleric,Attack,25,,Divine,Daily,,,,,,,,,,,,,,,,,,,,,,,,,,,,,,,,,,,,,,,,,,,,,,,
Sacred Word,Cleric,Attack,25,,Divine,Daily,,,,,,,,,,,,,,,,,,,,,,,,,,,,,,,,,,,,,,,,,,,,,,,
Seal of Binding,Cleric,Attack,25,,Divine,Daily,,,,,,,,,,,,,,,,,,,,,,,,,,,,,,,,,,,,,,,,,,,,,,,
Seal of Protection,Cleric,Attack,25,,Divine,Daily,,,,,,,,,,,,,,,,,,,,,,,,,,,,,,,,,,,,,,,,,,,,,,,
Punishing Strike,Cleric,Attack,27,,Divine,Encounter,,,,,,,,,,,,,,,,,,,,,,,,,,,,,,,,,,,,,,,,,,,,,,,
Sacrificial Healing,Cleric,Attack,27,,Divine,Encounter,,,,,,,,,,,,,,,,,,,,,,,,,,,,,,,,,,,,,,,,,,,,,,,
Scourge of the Unworthy,Cleric,Attack,27,,Divine,Encounter,,,,,,,,,,,,,,,,,,,,,,,,,,,,,,,,,,,,,,,,,,,,,,,
Sunburst,Cleric,Attack,27,,Divine,Encounter,,,,,,,,,,,,,,,,,,,,,,,,,,,,,,,,,,,,,,,,,,,,,,,
Astral Storm,Cleric,Attack,29,,Divine,Daily,,,,,,,,,,,,,,,,,,,,,,,,,,,,,,,,,,,,,,,,,,,,,,,
Godstrike,Cleric,Attack,29,,Divine,Daily,,,,,,,,,,,,,,,,,,,,,,,,,,,,,,,,,,,,,,,,,,,,,,,
Cleave,Fighter,Attack,1,"You hit one enemy, then cleave into another.",Matrial,At-Will,,1,,,,,,,,,,,,,,,,,,,,,,,,Standard,Melee,Weapon,,,,1 Creature,Strength,Armor Class,,,,,,,,,"1[W] + Strength modifier damage, and an enemy adja-cent to you takes damage equal to your Strength modifier. Increase damage to 2[W] + Strength modifier at 21st level.",,,,
Reaping Strike,Fighter,Attack,1,"You punctuate your scything attacks with wicked jabs and smallcutting blows that slip through your enemy’s defenses.",Matrial,At-Will,,1,,,,,,,,,,,,,,,,,,,,,,,,Standard,Melee,Weapon,,,,1 Creature,Strength,Armor Class,,,,,,,,,1[W] + Strength modifier damage. Increase damage to 2[W] + Strength modifier at 21st level.,"Half Strength modifier damage. If you’re wieldinga two-handed weapon, you deal damage equal to your Strength modifier.",,,
Sure Strike,Fighter,Attack,1,You trade power for precision.,Matrial,At-Will,,1,,,,,,,,,,,,,,,,,,,,,,,,Standard,Melee,Weapon,,,,1 Creature,Strength + 2,Armor Class,,,,,,,,,Increase damage to 2[W] at 21st level.,,,,
Tide of Iron,Fighter,Attack,1,"After each mighty swing, you bring your shield to bear and use itto push your enemy back.",Matrial,At-Will,,1,,,,,,,,,,,,,,,,,,,,,,,,Standard,Melee,Weapon,,,You must be using a shield.,1 Creature,Strength,Armor Class,,,,,,,,,"1[W] + Strength modifier damage, and you push thetarget 1 square if it is your size, smaller than you, or onesize category larger. You can shift into the space that thetarget occupied. Increase damage to 2[W] + Strength modifier at 21st level.",,,,
Covering Attack,Fighter,Attack,1,"You launch a dizzying barrage of thrusts at your enemy, compelling him to give you all his attention. Under the cover of your ferocious attack, one of your allies can safely retreat from that same foe.",Matrial,Encounter,,1,,,,,,,,,,,,,,,,,,,,,,,,Standard,Melee,Weapon,,,,1 Creature,Strength,Armor Class,,,,,,,,," 2[W] + Strength modifier damage, and an ally adjacentto the target can shift 2 squares.",,,,
Passing Attack,Fighter,Attack,1,"You strike at one foe and allow momentum to carry you forwardinto a second strike against a second foe.",Matrial,Encounter,,1,,,,,,,,,,,,,,,,,,,,,,,,Standard,Melee,Weapon,,,,1 Creature,Strength,Armor Class,,One creature other than the primary target,Strength + 2,AC,1[W] + Strength modifier damage.,,,,"1[W] + Strength modifier damage, and you can shift1 square. Make a secondary attack.",,,,
Spinning Sweep,Fighter,Attack,1,"You spin beneath your enemy’s guard with a long, powerful cut, and then sweep your leg through his an instant later to knock him head over heels.",Matrial,Encounter,,1,,,,,,,,,,,,,,,,,,,,,,,,Standard,Melee,Weapon,,,,1 Creature,Strength,Armor Class,,,,,,,,,"1[W] + Strength modifier damage, and you knock thetarget prone.",,,,
Steel Serpent Strike,Fighter,Attack,1,"You stab viciously at your foe’s knee or foot to slow him down. Nomatter how tough he is, he’s going to favor that leg for a time.",Matrial,Encounter,,1,,,,,,,,,,,,,,,,,,,,,,,,Standard,Melee,Weapon,,,,1 Creature,Strength,Armor Class,,,,,,,,,"2[W] + Strength modifier damage, and the target isslowed and cannot shift until end of your next turn.",,,,
Brute Strike,Fighter,Attack,1,You shatter armor and bone with a ringing blow.,Martial,Daily,,1,,,,,,,,,,,,,,,,,,1,,,,,,Standard,Melee,Weapon,,,,1 Creature,Strength,Armor Class,,,,,,,,,3[W] + Strength modifier damage.,,,,
Comeback Strike,Fighter,Attack,1,"A timely strike against a hated foe invigorates you, giving you thestrength and resolve to fight on.",Martial,Daily,,1,,,,,,,,,,,,,,1,,,,1,,,,,,Standard,Melee,Weapon,,,,1 Creature,Strength,Armor Class,,,,,,,,,"2[W] + Strength modifier damage, and you can spend ahealing surge.",,,,
Villan's Menace,Fighter,Attack,1,"You strike your enemy hard and hound him with skilled parriesand stern reprisals.",Martial,Daily,,1,,,,,,,,,,,,,,,,,,,,,,,,Standard,Melee,Weapon,,,,1 Creature,Strength,Armor Class,,,,,,,,,"2[W] + Strength modifier damage, and you gain a+2 power bonus to attack rolls and a +4 power bonusto damage rolls against the target until the end of theencounter."," Gain a +1 power bonus to attack rolls and a +2 powerbonus to damage rolls against the target until the end of the encounter.",,,
Boundless Endurance,Fighter,Utility,2,You shake off the worst of your wounds.,Martial,Daily,,,,,,,,,,,,,,,,1,,,,,,1,,,,Minor,Personal,,,,,,,,,,,,,You gain regeneration 2 + your Constitution modifier when you are bloodied.,,,,,,,
Get Over Here,Fighter,Utility,2,You pull one of your allies into a more advantageous position.,Martial,Encounter,,,,,,,,,,,,,,,,,,,,,,,,,,Move,Melee,1,,,,One willing adjecent ally,,,,,,,,"You slide the target 2 squares to a square that is ad-jacent to you.",,,,,,,
No Opening,Fighter,Utility,2,"You raise your weapon or shield to block an opening in yourdefenses.",Martial,Encounter,,,,,,,,,,,,,,,,,,,,,,,,,,Immediate Interrupt,Personal,,An enemy attacks you and has combat advantage against you,,,,,,,,,,,Cancel the combat advantage you were about to grant to the attack.,,,,,,,
Unstoppable,Fighter,Utility,2,You let your adrenaline surge carry you through the battle.,Martial,Daily,,,,,,,,,,,,,,,,1,,,,,,,,,,Minor,Personal,,,,,,,,,,,,,"You gain temporary hit points equal to 2d6 + yourConstitution modifier.",,,,,,,
Armor Piercing Thrust,Fighter,Attack,3,"You drive your weapon through a weak point in your foe’sdefenses.",Martial,Encounter,,1,,,,,,,,,,,,,,,,,,,,,,,,Standard,Melee,Weapon,,,,1 Creature,Strength,Reflex,,,,,,,,," If you’re wielding a light blade or a spear, you gain a bonus to the damage roll equal to your Dexterity modifier.",,," If you’re wielding a light blade or a spear, you gaina bonus to the attack roll equal to your Dexterity modifier.",1[W] + Strength modifier damage.
Crushing Blow,Fighter,Attack,3,You wind up and deliver a devastating blow with your weapon.,Martial,Encounter,,1,,,,,,,,,,,,,,,,,,,,,,,,Standard,Melee,Weapon,,,,1 Creature,Strength,AC,,,,,,,,,2[W] + Strength modifier damage.,,,," If you’re wielding an axe, a hammer, or a mace, you gain a bonus to the damage roll equal to your Constitution modifier."
Dance of Steel,Fighter,Attack,3,"Weaving your weapon in a graceful figure-eight, you lash outwith a sudden attack.",Martial,Encounter,,1,,,,,,,,,,,,,,,,,,,,,,,,Standard,Melee,Weapon,,,,1 Creature,Strength,AC,,,,,,,,,2[W] + Strength modifier damage.,,,,"If you’re wielding a polearm or a heavy blade, the target is slowed until the end of your next turn."
Precise Strike,Fighter,Attack,3,"You trade damage for accuracy when you really want to land anattack on your opponent.",Martial,Encounter,,1,,,,,,,,,,,,,,,,,,,,,,,,Standard,Melee,Weapon,,,,1 Creature,Strength + 4,AC,,,,,,,,,1[W] + Strength modifier damage.,,,,
Rain of Blows,Fighter,Attack,3,"You become a blur of motion, raining a series of blows upon youropponent.",Martial,Encounter,,1,,,,,,,,,,,,,,,,,,,,,,,,Standard,Melee,Weapon,,,,1 Creature,Strength,AC,2,The same or a different target,Strength,AC,1[W] + Strength modifier damage.,,,,1[W] + Strength modifier damage.,,,,"If you’re wielding a light blade, a spear, or a flail and have Dexterity 15 or higher, make a secondary attack."
Sweeping Blow,Fighter,Attack,3,"You put all your strength into a single mighty swing that strikesmany enemies at once.",Martial,Encounter,,1,,,,,,,,,,,,,,,,,,,,,,,,Standard,Close Burst,1,,,,Each enemy in burst you can see,Strength,AC,,,,,,,,,1[W] + Strength modifier damage.,,,,"If you’re wielding an axe, a flail, a heavy blade, or a pick, you gain a bonus to the attack roll equal to one-half your Strength modifier."
Crack the Shell,Fighter,Attack,5,"You break through your enemy’s armor and deal a painful bleed-ing wound.",Martial,Daily,,1,,,,,,,,,,,,,,,,,,1,,,,,,Standard,Melee ,Weapon,,,,1 Creature,Strength,AC,,,,,,,,,"2[W] + Strength modifier damage, and the target takes ongoing 5 damage and a –2 penalty to AC (save ends both).",,,,
Dizzying Blow,Fighter,Attack,5,You crack your foe upside the head.,Martial,Daily,,1,,,,,,,,,,,,,,,,,,1,,,,,,Standard,Melee,Weapon,,,,1 Creature,Strength,AC,,,,,,,,,"3[W] + Strength modifier damage, and the target isimmobilized (save ends).",,,,
Rain of Steel,Fighter,Attack,5,"You constantly swing your weapon about, slashing and cuttinginto nearby enemies.",Martial,Daily,,1,,,,,,,,,,,,,,,,,,,1,,,,,Minor,Personal,,,,,,,,,,,,,"Any enemy that starts its turn adjacent to you takes1[W] damage, as long as you are able to make opportunity attacks.",,,,,,,
Battle Awareness,Fighter,Utility,6,,Martial,Daily,,,,,,,,,,,,,,,,,,,,,,,,,,,,,,,,,,,,,,,,,,,,,,,
Defensive Training,Fighter,Utility,6,,Martial,Daily,,,,,,,,,,,,,,,,,,,,,,,,,,,,,,,,,,,,,,,,,,,,,,,
Unbreakable,Fighter,Utility,6,,Martial,Encounter,,,,,,,,,,,,,,,,,,,,,,,,,,,,,,,,,,,,,,,,,,,,,,,
Come and Get It,Fighter,Attack,7,,Martial,Encounter,,,,,,,,,,,,,,,,,,,,,,,,,,,,,,,,,,,,,,,,,,,,,,,
Griffon's Wrath,Fighter,Attack,7,,Martial,Encounter,,,,,,,,,,,,,,,,,,,,,,,,,,,,,,,,,,,,,,,,,,,,,,,
Iron Bulwark,Fighter,Attack,7,,Martial,Encounter,,,,,,,,,,,,,,,,,,,,,,,,,,,,,,,,,,,,,,,,,,,,,,,
Reckless Strike,Fighter,Attack,7,,Martial,Encounter,,,,,,,,,,,,,,,,,,,,,,,,,,,,,,,,,,,,,,,,,,,,,,,
Sudden Surge,Fighter,Attack,7,,Martial,Encounter,,,,,,,,,,,,,,,,,,,,,,,,,,,,,,,,,,,,,,,,,,,,,,,
Shift the Battlefield,Fighter,Attack,9,,Martial,Daily,,,,,,,,,,,,,,,,,,,,,,,,,,,,,,,,,,,,,,,,,,,,,,,
Thicket of Blades,Fighter,Attack,9,,Martial,Daily,,,,,,,,,,,,,,,,,,,,,,,,,,,,,,,,,,,,,,,,,,,,,,,
Victorious Surge,Fighter,Attack,9,,Martial,Daily,,,,,,,,,,,,,,,,,,,,,,,,,,,,,,,,,,,,,,,,,,,,,,,
Into the Fray,Fighter,Utility,10,,Martial,Encounter,,,,,,,,,,,,,,,,,,,,,,,,,,,,,,,,,,,,,,,,,,,,,,,
Last Ditch Evasion,Fighter,Utility,10,,Martial,Daily,,,,,,,,,,,,,,,,,,,,,,,,,,,,,,,,,,,,,,,,,,,,,,,
Stalwart Guard,Fighter,Utility,10,,Martial,Daily,,,,,,,,,,,,,,,,,,,,,,,,,,,,,,,,,,,,,,,,,,,,,,,
Anvil of Doom,Fighter,Attack,13,,Martial,Encounter,,,,,,,,,,,,,,,,,,,,,,,,,,,,,,,,,,,,,,,,,,,,,,,
Chains of Sorrow,Fighter,Attack,13,,Martial,Encounter,,,,,,,,,,,,,,,,,,,,,,,,,,,,,,,,,,,,,,,,,,,,,,,
Giant's Wake,Fighter,Attack,13,,Martial,Encounter,,,,,,,,,,,,,,,,,,,,,,,,,,,,,,,,,,,,,,,,,,,,,,,
Silverstep,Fighter,Attack,13,,Martial,Encounter,,,,,,,,,,,,,,,,,,,,,,,,,,,,,,,,,,,,,,,,,,,,,,,
Storm of Blows,Fighter,Attack,13,,Martial,Encounter,,,,,,,,,,,,,,,,,,,,,,,,,,,,,,,,,,,,,,,,,,,,,,,
Talon of the Roc,Fighter,Attack,13,,Martial,Encounter,,,,,,,,,,,,,,,,,,,,,,,,,,,,,,,,,,,,,,,,,,,,,,,
Dragon's Fangs,Fighter,Attack,15,,Matrial,Daily,,,,,,,,,,,,,,,,,,,,,,,,,,,,,,,,,,,,,,,,,,,,,,,
Serpent Dance Strike,Fighter,Attack,15,,Matrial,Daily,,,,,,,,,,,,,,,,,,,,,,,,,,,,,,,,,,,,,,,,,,,,,,,
Unyeilding Avalanche,Fighter,Attack,15,,Matrial,Daily,,,,,,,,,,,,,,,,,,,,,,,,,,,,,,,,,,,,,,,,,,,,,,,
Interposing Shield,Fighter,Utility,16,,Martial,Encounter,,,,,,,,,,,,,,,,,,,,,,,,,,,,,,,,,,,,,,,,,,,,,,,
Iron Warrior,Fighter,Utility,16,,Martial,Daily,,,,,,,,,,,,,,,,,,,,,,,,,,,,,,,,,,,,,,,,,,,,,,,
Surprise Step,Fighter,Utility,16,,Martial,Encounter,,,,,,,,,,,,,,,,,,,,,,,,,,,,,,,,,,,,,,,,,,,,,,,
Exacting Strike,Fighter,Attack,17,,Martial,Encounter,,,,,,,,,,,,,,,,,,,,,,,,,,,,,,,,,,,,,,,,,,,,,,,
Exorcism of Steel,Fighter,Attack,17,,Martial,Encounter,,,,,,,,,,,,,,,,,,,,,,,,,,,,,,,,,,,,,,,,,,,,,,,
Harrying Assault,Fighter,Attack,17,,Martial,Encounter,,,,,,,,,,,,,,,,,,,,,,,,,,,,,,,,,,,,,,,,,,,,,,,
Mountain Breaking Blow,Fighter,Attack,17,,Martial,Encounter,,,,,,,,,,,,,,,,,,,,,,,,,,,,,,,,,,,,,,,,,,,,,,,
Vorpal Tornado,Fighter,Attack,17,,Martial,Encounter,,,,,,,,,,,,,,,,,,,,,,,,,,,,,,,,,,,,,,,,,,,,,,,
Warrior's Challenge,Fighter,Attack,17,,Martial,Encounter,,,,,,,,,,,,,,,,,,,,,,,,,,,,,,,,,,,,,,,,,,,,,,,
Devestation's Wake,Fighter,Attack,19,,Martial,Daily,,,,,,,,,,,,,,,,,,,,,,,,,,,,,,,,,,,,,,,,,,,,,,,
Reaving Strike,Fighter,Attack,19,,Martial,Daily,,,,,,,,,,,,,,,,,,,,,,,,,,,,,,,,,,,,,,,,,,,,,,,
Strike of the Watchful Guard,Fighter,Attack,19,,Martial,Daily,,,,,,,,,,,,,,,,,,,,,,,,,,,,,,,,,,,,,,,,,,,,,,,
Act of Desperation,Fighter,Utility,22,,Martial,Daily,,,,,,,,,,,,,,,,,,,,,,,,,,,,,,,,,,,,,,,,,,,,,,,
No Surrender,Fighter,Utility,22,,Martial,Daily,,,,,,,,,,,,,,,,,,,,,,,,,,,,,,,,,,,,,,,,,,,,,,,
Cage of Chains,Fighter,Attack,23,,Martial,Encounter,,,,,,,,,,,,,,,,,,,,,,,,,,,,,,,,,,,,,,,,,,,,,,,
Fangs of Steel,Fighter,Attack,23,,Martial,Encounter,,,,,,,,,,,,,,,,,,,,,,,,,,,,,,,,,,,,,,,,,,,,,,,
Hack 'n' Slash,Fighter,Attack,23,,Martial,Encounter,,,,,,,,,,,,,,,,,,,,,,,,,,,,,,,,,,,,,,,,,,,,,,,
Paralyzing Strike,Fighter,Attack,23,,Martial,Encounter,,,,,,,,,,,,,,,,,,,,,,,,,,,,,,,,,,,,,,,,,,,,,,,
Skullcrusher,Fighter,Attack,23,,Martial,Encounter,,,,,,,,,,,,,,,,,,,,,,,,,,,,,,,,,,,,,,,,,,,,,,,
Warrior's Urging,Fighter,Attack,23,,Martial,Encounter,,,,,,,,,,,,,,,,,,,,,,,,,,,,,,,,,,,,,,,,,,,,,,,
Reaper's Stance,Fighter,Attack,25,,Martial,Daily,,,,,,,,,,,,,,,,,,,,,,,,,,,,,,,,,,,,,,,,,,,,,,,
Reign of Terror,Fighter,Attack,25,,Martial,Daily,,,,,,,,,,,,,,,,,,,,,,,,,,,,,,,,,,,,,,,,,,,,,,,
Surpremacy of Steel,Fighter,Attack,25,,Martial,Daily,,,,,,,,,,,,,,,,,,,,,,,,,,,,,,,,,,,,,,,,,,,,,,,
Adamantine Strike,Fighter,Attack,27,,Martial,Encounter,,,,,,,,,,,,,,,,,,,,,,,,,,,,,,,,,,,,,,,,,,,,,,,
Cruel Reaper,Fighter,Attack,27,,Martial,Encounter,,,,,,,,,,,,,,,,,,,,,,,,,,,,,,,,,,,,,,,,,,,,,,,
Diamond Shield Defense,Fighter,Attack,27,,Martial,Encounter,,,,,,,,,,,,,,,,,,,,,,,,,,,,,,,,,,,,,,,,,,,,,,,
Indominable Battle Strike,Fighter,Attack,27,,Martial,Encounter,,,,,,,,,,,,,,,,,,,,,,,,,,,,,,,,,,,,,,,,,,,,,,,
Force the Battle,Fighter,Attack,29,,Martial,Daily,,,,,,,,,,,,,,,,,,,,,,,,,,,,,,,,,,,,,,,,,,,,,,,
No Mercy,Fighter,Attack,29,,Martial,Daily,,,,,,,,,,,,,,,,,,,,,,,,,,,,,,,,,,,,,,,,,,,,,,,
Storm of Destruction,Fighter,Attack,29,,Martial,Daily,,,,,,,,,,,,,,,,,,,,,,,,,,,,,,,,,,,,,,,,,,,,,,,
Bolstering Strike,Paladin,Attack,1,,Divine,At-Will,,,,,,,,,,,,,,,,,,,,,,,,,,,,,,,,,,,,,,,,,,,,,,,
Enfeebling Strike,Paladin,Attack,1,,Divine,At-Will,,,,,,,,,,,,,,,,,,,,,,,,,,,,,,,,,,,,,,,,,,,,,,,
Holy Strike,Paladin,Attack,1,,Divine,At-Will,,,,,,,,,,,,,,,,,,,,,,,,,,,,,,,,,,,,,,,,,,,,,,,
Valient Strike,Paladin,Attack,1,,Divine,At-Will,,,,,,,,,,,,,,,,,,,,,,,,,,,,,,,,,,,,,,,,,,,,,,,
Fearsome Smite,Paladin,Attack,1,,Divine,Encounter,,,,,,,,,,,,,,,,,,,,,,,,,,,,,,,,,,,,,,,,,,,,,,,
Piercing Smite,Paladin,Attack,1,,Divine,Encounter,,,,,,,,,,,,,,,,,,,,,,,,,,,,,,,,,,,,,,,,,,,,,,,
Radient Smite,Paladin,Attack,1,,Divine,Encounter,,,,,,,,,,,,,,,,,,,,,,,,,,,,,,,,,,,,,,,,,,,,,,,
Shielding Smite,Paladin,Attack,1,,Divine,Encounter,,,,,,,,,,,,,,,,,,,,,,,,,,,,,,,,,,,,,,,,,,,,,,,
On Pain of Death,Paladin,Attack,1,,Divine,Daily,,,,,,,,,,,,,,,,,,,,,,,,,,,,,,,,,,,,,,,,,,,,,,,
Paladin's Judgement,Paladin,Attack,1,,Divine,Daily,,,,,,,,,,,,,,,,,,,,,,,,,,,,,,,,,,,,,,,,,,,,,,,
Radiant Delirium,Paladin,Attack,1,,Divine,Daily,,,,,,,,,,,,,,,,,,,,,,,,,,,,,,,,,,,,,,,,,,,,,,,
Astral Speech,Paladin,Utility,2,,Divine,Daily,,,,,,,,,,,,,,,,,,,,,,,,,,,,,,,,,,,,,,,,,,,,,,,
Martyr's Blessing,Paladin,Utility,2,,Divine,Daily,,,,,,,,,,,,,,,,,,,,,,,,,,,,,,,,,,,,,,,,,,,,,,,
Sacred Circle,Paladin,Utility,2,,Divine,Daily,,,,,,,,,,,,,,,,,,,,,,,,,,,,,,,,,,,,,,,,,,,,,,,
Arcing Smite,Paladin,Attack,3,,Divine,Encounter,,,,,,,,,,,,,,,,,,,,,,,,,,,,,,,,,,,,,,,,,,,,,,,
Invorgorating Smite,Paladin,Attack,3,,Divine,Encounter,,,,,,,,,,,,,,,,,,,,,,,,,,,,,,,,,,,,,,,,,,,,,,,
Righteous Smite,Paladin,Attack,3,,Divine,Encounter,,,,,,,,,,,,,,,,,,,,,,,,,,,,,,,,,,,,,,,,,,,,,,,
Staggering Smite,Paladin,Attack,3,,Divine,Encounter,,,,,,,,,,,,,,,,,,,,,,,,,,,,,,,,,,,,,,,,,,,,,,,
Hallowed Circle,Paladin,Attack,5,,Divine,Daily,,,,,,,,,,,,,,,,,,,,,,,,,,,,,,,,,,,,,,,,,,,,,,,
Martyr's Retribution,Paladin,Attack,5,,Divine,Daily,,,,,,,,,,,,,,,,,,,,,,,,,,,,,,,,,,,,,,,,,,,,,,,
Sign of Vulnerability,Paladin,Attack,5,,Divine,Daily,,,,,,,,,,,,,,,,,,,,,,,,,,,,,,,,,,,,,,,,,,,,,,,
Divine Bodyguard,Paladin,Utility,6,,Divine,Daily,,,,,,,,,,,,,,,,,,,,,,,,,,,,,,,,,,,,,,,,,,,,,,,
"One Heart, One Mind",Paladin,Utility,6,,Divine,Daily,,,,,,,,,,,,,,,,,,,,,,,,,,,,,,,,,,,,,,,,,,,,,,,
Wrath of the Gods,Paladin,Utility,6,,Divine,Daily,,,,,,,,,,,,,,,,,,,,,,,,,,,,,,,,,,,,,,,,,,,,,,,
Beckon Foe,Paladin,Attack,7,,Divine,Encounter,,,,,,,,,,,,,,,,,,,,,,,,,,,,,,,,,,,,,,,,,,,,,,,
Benign Transposition,Paladin,Attack,7,,Divine,Encounter,,,,,,,,,,,,,,,,,,,,,,,,,,,,,,,,,,,,,,,,,,,,,,,
Divine Reverence,Paladin,Attack,7,,Divine,Encounter,,,,,,,,,,,,,,,,,,,,,,,,,,,,,,,,,,,,,,,,,,,,,,,
Thunder Smite,Paladin,Attack,7,,Divine,Encounter,,,,,,,,,,,,,,,,,,,,,,,,,,,,,,,,,,,,,,,,,,,,,,,
Crown of Glory,Paladin,Attack,9,,Divine,Daily,,,,,,,,,,,,,,,,,,,,,,,,,,,,,,,,,,,,,,,,,,,,,,,
One Stands Alone,Paladin,Attack,9,,Divine,Daily,,,,,,,,,,,,,,,,,,,,,,,,,,,,,,,,,,,,,,,,,,,,,,,
Radiant Pulse,Paladin,Attack,9,,Divine,Daily,,,,,,,,,,,,,,,,,,,,,,,,,,,,,,,,,,,,,,,,,,,,,,,
Cleansing Spirit,Paladin,Utility,10,,Divine,Encounter,,,,,,,,,,,,,,,,,,,,,,,,,,,,,,,,,,,,,,,,,,,,,,,
Noble Shield,Paladin,Utility,10,,Divine,Daily,,,,,,,,,,,,,,,,,,,,,,,,,,,,,,,,,,,,,,,,,,,,,,,
Turn the Tide,Paladin,Utility,10,,Divine,Daily,,,,,,,,,,,,,,,,,,,,,,,,,,,,,,,,,,,,,,,,,,,,,,,
Enstrangling Smite,Paladin,Attack,13,,Divine,Encounter,,,,,,,,,,,,,,,,,,,,,,,,,,,,,,,,,,,,,,,,,,,,,,,
Radiant Charge,Paladin,Attack,13,,Divine,Encounter,,,,,,,,,,,,,,,,,,,,,,,,,,,,,,,,,,,,,,,,,,,,,,,
Renewing Smite,Paladin,Attack,13,,Divine,Encounter,,,,,,,,,,,,,,,,,,,,,,,,,,,,,,,,,,,,,,,,,,,,,,,
Whirlwind Smite,Paladin,Attack,13,,Divine,Encounter,,,,,,,,,,,,,,,,,,,,,,,,,,,,,,,,,,,,,,,,,,,,,,,
Bloodied Retribution,Paladin,Attack,15,,Divine,Daily,,,,,,,,,,,,,,,,,,,,,,,,,,,,,,,,,,,,,,,,,,,,,,,
True Nemesis,Paladin,Attack,15,,Divine,Daily,,,,,,,,,,,,,,,,,,,,,,,,,,,,,,,,,,,,,,,,,,,,,,,
Break the Wall,Paladin,Attack,15,,Divine,Daily,,,,,,,,,,,,,,,,,,,,,,,,,,,,,,,,,,,,,,,,,,,,,,,
Angelic intercession,Paladin,Utility,16,,Divine,Daily,,,,,,,,,,,,,,,,,,,,,,,,,,,,,,,,,,,,,,,,,,,,,,,
Death Ward,Paladin,Utility,16,,Divine,Daily,,,,,,,,,,,,,,,,,,,,,,,,,,,,,,,,,,,,,,,,,,,,,,,
Enervating Smite,Paladin,Attack,17,,Divine,Encounter,,,,,,,,,,,,,,,,,,,,,,,,,,,,,,,,,,,,,,,,,,,,,,,
Fortifying Smite,Paladin,Attack,17,,Divine,Encounter,,,,,,,,,,,,,,,,,,,,,,,,,,,,,,,,,,,,,,,,,,,,,,,
Hand of the Gods,Paladin,Attack,17,,Divine,Encounter,,,,,,,,,,,,,,,,,,,,,,,,,,,,,,,,,,,,,,,,,,,,,,,
Terrifying Smite,Paladin,Attack,17,,Divine,Encounter,,,,,,,,,,,,,,,,,,,,,,,,,,,,,,,,,,,,,,,,,,,,,,,
Corona of Blinding Radiance,Paladin,Attack,19,,Divine,Daily,,,,,,,,,,,,,,,,,,,,,,,,,,,,,,,,,,,,,,,,,,,,,,,
Crusader's Boon,Paladin,Attack,19,,Divine,Daily,,,,,,,,,,,,,,,,,,,,,,,,,,,,,,,,,,,,,,,,,,,,,,,
Righteous Inferno,Paladin,Attack,19,,Divine,Daily,,,,,,,,,,,,,,,,,,,,,,,,,,,,,,,,,,,,,,,,,,,,,,,
Angelic Rescue,Paladin,Utility,22,,Divine,Daily,,,,,,,,,,,,,,,,,,,,,,,,,,,,,,,,,,,,,,,,,,,,,,,
Cleansing Burst,Paladin,Utility,22,,Divine,Daily,,,,,,,,,,,,,,,,,,,,,,,,,,,,,,,,,,,,,,,,,,,,,,,
Gift of Life,Paladin,Utility,22,,Divine,Daily,,,,,,,,,,,,,,,,,,,,,,,,,,,,,,,,,,,,,,,,,,,,,,,
United in Faith,Paladin,Utility,22,,Divine,Daily,,,,,,,,,,,,,,,,,,,,,,,,,,,,,,,,,,,,,,,,,,,,,,,
Here Waits Thy Doom,Paladin,Attack,23,,Divine,Encounter,,,,,,,,,,,,,,,,,,,,,,,,,,,,,,,,,,,,,,,,,,,,,,,
Martyr's Smite,Paladin,Attack,23,,Divine,Encounter,,,,,,,,,,,,,,,,,,,,,,,,,,,,,,,,,,,,,,,,,,,,,,,
Resounding Smite,Paladin,Attack,23,,Divine,Encounter,,,,,,,,,,,,,,,,,,,,,,,,,,,,,,,,,,,,,,,,,,,,,,,
Sublime Transposition,Paladin,Attack,23,,Divine,Encounter,,,,,,,,,,,,,,,,,,,,,,,,,,,,,,,,,,,,,,,,,,,,,,,
Exhalted Retribution,Paladin,Attack,25,,Divine,Daily,,,,,,,,,,,,,,,,,,,,,,,,,,,,,,,,,,,,,,,,,,,,,,,
To the Nine Hells with You,Paladin,Attack,25,,Divine,Daily,,,,,,,,,,,,,,,,,,,,,,,,,,,,,,,,,,,,,,,,,,,,,,,
Blinding Smite,Paladin,Attack,27,,Divine,Encounter,,,,,,,,,,,,,,,,,,,,,,,,,,,,,,,,,,,,,,,,,,,,,,,
Brand of Judgement,Paladin,Attack,27,,Divine,Encounter,,,,,,,,,,,,,,,,,,,,,,,,,,,,,,,,,,,,,,,,,,,,,,,
Deific Vengance,Paladin,Attack,27,,Divine,Encounter,,,,,,,,,,,,,,,,,,,,,,,,,,,,,,,,,,,,,,,,,,,,,,,
Restricting Smite,Paladin,Attack,27,,Divine,Encounter,,,,,,,,,,,,,,,,,,,,,,,,,,,,,,,,,,,,,,,,,,,,,,,
Stunning Smite,Paladin,Attack,27,,Divine,Encounter,,,,,,,,,,,,,,,,,,,,,,,,,,,,,,,,,,,,,,,,,,,,,,,
Even Hand of Justice,Paladin,Attack,29,,Divine,Daily,,,,,,,,,,,,,,,,,,,,,,,,,,,,,,,,,,,,,,,,,,,,,,,
Powerful Faith,Paladin,Attack,29,,Divine,Daily,,,,,,,,,,,,,,,,,,,,,,,,,,,,,,,,,,,,,,,,,,,,,,,
Careful Attack,Ranger,Attack,1,,Martial,At-Will,,,,,,,,,,,,,,,,,,,,,,,,,,,,,,,,,,,,,,,,,,,,,,,
Hit and Run,Ranger,Attack,1,,Martial,At-Will,,,,,,,,,,,,,,,,,,,,,,,,,,,,,,,,,,,,,,,,,,,,,,,
Nimble Strike,Ranger,Attack,1,,Martial,At-Will,,,,,,,,,,,,,,,,,,,,,,,,,,,,,,,,,,,,,,,,,,,,,,,
Twin Strike,Ranger,Attack,1,,Martial,At-Will,,,,,,,,,,,,,,,,,,,,,,,,,,,,,,,,,,,,,,,,,,,,,,,
Dire Wolverine Strike,Ranger,Attack,1,,Martial,Encounter,,,,,,,,,,,,,,,,,,,,,,,,,,,,,,,,,,,,,,,,,,,,,,,
Evasive Strike,Ranger,Attack,1,,Martial,Encounter,,,,,,,,,,,,,,,,,,,,,,,,,,,,,,,,,,,,,,,,,,,,,,,
Fox's Cunning,Ranger,Attack,1,,Martial,Encounter,,,,,,,,,,,,,,,,,,,,,,,,,,,,,,,,,,,,,,,,,,,,,,,
Two-Fanged Strike,Ranger,Attack,1,,Martial,Encounter,,,,,,,,,,,,,,,,,,,,,,,,,,,,,,,,,,,,,,,,,,,,,,,
Hunter's Bear Trap,Ranger,Attack,1,,Martial,Daily,,,,,,,,,,,,,,,,,,,,,,,,,,,,,,,,,,,,,,,,,,,,,,,
Jaws of the Wolf,Ranger,Attack,1,,Martial,Daily,,,,,,,,,,,,,,,,,,,,,,,,,,,,,,,,,,,,,,,,,,,,,,,
Split the Tree,Ranger,Attack,1,,Martial,Daily,,,,,,,,,,,,,,,,,,,,,,,,,,,,,,,,,,,,,,,,,,,,,,,
Sudden Strike,Ranger,Attack,1,,Martial,Daily,,,,,,,,,,,,,,,,,,,,,,,,,,,,,,,,,,,,,,,,,,,,,,,
Crucial Advice,Ranger,Utility,2,,Martial,Encounter,,,,,,,,,,,,,,,,,,,,,,,,,,,,,,,,,,,,,,,,,,,,,,,
Unbalancing Parry,Ranger,Utility,2,,Martial,Encounter,,,,,,,,,,,,,,,,,,,,,,,,,,,,,,,,,,,,,,,,,,,,,,,
Yeild Ground,Ranger,Utility,2,,Martial,Encounter,,,,,,,,,,,,,,,,,,,,,,,,,,,,,,,,,,,,,,,,,,,,,,,
Cut and Run,Ranger,Attack,3,,Martial,Encounter,,,,,,,,,,,,,,,,,,,,,,,,,,,,,,,,,,,,,,,,,,,,,,,
Disruptive Strike,Ranger,Attack,3,,Martial,Encounter,,,,,,,,,,,,,,,,,,,,,,,,,,,,,,,,,,,,,,,,,,,,,,,
Shadow Wasp Strike,Ranger,Attack,3,,Martial,Encounter,,,,,,,,,,,,,,,,,,,,,,,,,,,,,,,,,,,,,,,,,,,,,,,
Thundertusk Boar Strike,Ranger,Attack,3,,Martial,Encounter,,,,,,,,,,,,,,,,,,,,,,,,,,,,,,,,,,,,,,,,,,,,,,,
Excruciating Shot,Ranger,Attack,5,,Martial,Daily,,,,,,,,,,,,,,,,,,,,,,,,,,,,,,,,,,,,,,,,,,,,,,,
Frenzied Skirmish,Ranger,Attack,5,,Martial,Daily,,,,,,,,,,,,,,,,,,,,,,,,,,,,,,,,,,,,,,,,,,,,,,,
Splintering Shot,Ranger,Attack,5,,Martial,Daily,,,,,,,,,,,,,,,,,,,,,,,,,,,,,,,,,,,,,,,,,,,,,,,
Two-Wolf Pounce,Ranger,Attack,5,,Martial,Daily,,,,,,,,,,,,,,,,,,,,,,,,,,,,,,,,,,,,,,,,,,,,,,,
Evade Ambush,Ranger,Utility,6,,Martial,Daily,,,,,,,,,,,,,,,,,,,,,,,,,,,,,,,,,,,,,,,,,,,,,,,
Skliled Companion,Ranger,Utility,6,,Martial,Daily,,,,,,,,,,,,,,,,,,,,,,,,,,,,,,,,,,,,,,,,,,,,,,,
Weave Through the Fray,Ranger,Utility,6,,Martial,Encounter,,,,,,,,,,,,,,,,,,,,,,,,,,,,,,,,,,,,,,,,,,,,,,,
Claws of the Griffon,Ranger,Attack,7,,Martial,Encounter,,,,,,,,,,,,,,,,,,,,,,,,,,,,,,,,,,,,,,,,,,,,,,,
Hawk's Talon,Ranger,Attack,7,,Martial,Encounter,,,,,,,,,,,,,,,,,,,,,,,,,,,,,,,,,,,,,,,,,,,,,,,
Spikes of the Manticore,Ranger,Attack,7,,Martial,Encounter,,,,,,,,,,,,,,,,,,,,,,,,,,,,,,,,,,,,,,,,,,,,,,,
Sweeping Whirlwind,Ranger,Attack,7,,Martial,Encounter,,,,,,,,,,,,,,,,,,,,,,,,,,,,,,,,,,,,,,,,,,,,,,,
Attacks on the Run,Ranger,Attack,9,,Martial,Daily,,,,,,,,,,,,,,,,,,,,,,,,,,,,,,,,,,,,,,,,,,,,,,,
Close Quarters Shot,Ranger,Attack,9,,Martial,Daily,,,,,,,,,,,,,,,,,,,,,,,,,,,,,,,,,,,,,,,,,,,,,,,
Spray of Arrows,Ranger,Attack,9,,Martial,Daily,,,,,,,,,,,,,,,,,,,,,,,,,,,,,,,,,,,,,,,,,,,,,,,
Swirling Leaves of Steel,Ranger,Attack,9,,Martial,Daily,,,,,,,,,,,,,,,,,,,,,,,,,,,,,,,,,,,,,,,,,,,,,,,
Expedious Stride,Ranger,Utility,10,,Martial,Encounter,,,,,,,,,,,,,,,,,,,,,,,,,,,,,,,,,,,,,,,,,,,,,,,
Open the Range,Ranger,Utility,10,,Martial,Daily,,,,,,,,,,,,,,,,,,,,,,,,,,,,,,,,,,,,,,,,,,,,,,,
Undaunted Stride,Ranger,Utility,10,,Martial,Daily,,,,,,,,,,,,,,,,,,,,,,,,,,,,,,,,,,,,,,,,,,,,,,,
Armor Splitter,Ranger,Attack,13,,Martial,Encounter,,,,,,,,,,,,,,,,,,,,,,,,,,,,,,,,,,,,,,,,,,,,,,,
Knockdown Shot,Ranger,Attack,13,,Martial,Encounter,,,,,,,,,,,,,,,,,,,,,,,,,,,,,,,,,,,,,,,,,,,,,,,
Nimble Defense,Ranger,Attack,13,,Martial,Encounter,,,,,,,,,,,,,,,,,,,,,,,,,,,,,,,,,,,,,,,,,,,,,,,
Pinning Strike,Ranger,Attack,13,,Martial,Encounter,,,,,,,,,,,,,,,,,,,,,,,,,,,,,,,,,,,,,,,,,,,,,,,
Blade Cascade,Ranger,Attack,15,,Martial,Daily,,,,,,,,,,,,,,,,,,,,,,,,,,,,,,,,,,,,,,,,,,,,,,,
Bleeding Wounds,Ranger,Attack,15,,Martial,Daily,,,,,,,,,,,,,,,,,,,,,,,,,,,,,,,,,,,,,,,,,,,,,,,
Confounding Arrows,Ranger,Attack,15,,Martial,Daily,,,,,,,,,,,,,,,,,,,,,,,,,,,,,,,,,,,,,,,,,,,,,,,
Stunning Steel,Ranger,Attack,15,,Martial,Daily,,,,,,,,,,,,,,,,,,,,,,,,,,,,,,,,,,,,,,,,,,,,,,,
Evade the Blow,Ranger,Utility,16,,Martial,Daily,,,,,,,,,,,,,,,,,,,,,,,,,,,,,,,,,,,,,,,,,,,,,,,
Longstrider,Ranger,Utility,16,,Martial,Daily,,,,,,,,,,,,,,,,,,,,,,,,,,,,,,,,,,,,,,,,,,,,,,,
Momentary Respite,Ranger,Utility,16,,Martial,Daily,,,,,,,,,,,,,,,,,,,,,,,,,,,,,,,,,,,,,,,,,,,,,,,
Arrow of Vengance,Ranger,Attack,17,,Martial,Encounter,,,,,,,,,,,,,,,,,,,,,,,,,,,,,,,,,,,,,,,,,,,,,,,
Triple Shot,Ranger,Attack,17,,Martial,Encounter,,,,,,,,,,,,,,,,,,,,,,,,,,,,,,,,,,,,,,,,,,,,,,,
Two-Weapon Eviscerate,Ranger,Attack,17,,Martial,Encounter,,,,,,,,,,,,,,,,,,,,,,,,,,,,,,,,,,,,,,,,,,,,,,,
Cruel Cage of Steel,Ranger,Attack,19,,Martial,Daily,,,,,,,,,,,,,,,,,,,,,,,,,,,,,,,,,,,,,,,,,,,,,,,
Great Ram Arrow,Ranger,Attack,19,,Martial,Daily,,,,,,,,,,,,,,,,,,,,,,,,,,,,,,,,,,,,,,,,,,,,,,,
Two-In-One Shot,Ranger,Attack,19,,Martial,Daily,,,,,,,,,,,,,,,,,,,,,,,,,,,,,,,,,,,,,,,,,,,,,,,
Wounding Whirlwind,Ranger,Attack,19,,Martial,Daily,,,,,,,,,,,,,,,,,,,,,,,,,,,,,,,,,,,,,,,,,,,,,,,
Forest Ghost,Ranger,Utility,22,,Martial,Daily,,,,,,,,,,,,,,,,,,,,,,,,,,,,,,,,,,,,,,,,,,,,,,,
Hit the Dirt,Ranger,Utility,22,,Martial,Daily,,,,,,,,,,,,,,,,,,,,,,,,,,,,,,,,,,,,,,,,,,,,,,,
Master of the Hunt,Ranger,Utility,22,,Martial,Daily,,,,,,,,,,,,,,,,,,,,,,,,,,,,,,,,,,,,,,,,,,,,,,,
Safe Stride,Ranger,Utility,22,,Martial,Encounter,,,,,,,,,,,,,,,,,,,,,,,,,,,,,,,,,,,,,,,,,,,,,,,
Blade Ward,Ranger,Attack,23,,Martial,Encounter,,,,,,,,,,,,,,,,,,,,,,,,,,,,,,,,,,,,,,,,,,,,,,,
Cloak of Thorns,Ranger,Attack,23,,Martial,Encounter,,,,,,,,,,,,,,,,,,,,,,,,,,,,,,,,,,,,,,,,,,,,,,,
Hammer Shot,Ranger,Attack,23,,Martial,Encounter,,,,,,,,,,,,,,,,,,,,,,,,,,,,,,,,,,,,,,,,,,,,,,,
Manticore's Volley,Ranger,Attack,23,,Martial,Encounter,,,,,,,,,,,,,,,,,,,,,,,,,,,,,,,,,,,,,,,,,,,,,,,
Bloodstorm,Ranger,Attack,25,,Martial,Daily,,,,,,,,,,,,,,,,,,,,,,,,,,,,,,,,,,,,,,,,,,,,,,,
Tiger's Reflex,Ranger,Attack,25,,Martial,Daily,,,,,,,,,,,,,,,,,,,,,,,,,,,,,,,,,,,,,,,,,,,,,,,
Unstoppable Arrows,Ranger,Attack,25,,Martial,Daily,,,,,,,,,,,,,,,,,,,,,,,,,,,,,,,,,,,,,,,,,,,,,,,
Death Rend,Ranger,Attack,27,,Martial,Encounter,,,,,,,,,,,,,,,,,,,,,,,,,,,,,,,,,,,,,,,,,,,,,,,
Hail of Arrows,Ranger,Attack,27,,Martial,Encounter,,,,,,,,,,,,,,,,,,,,,,,,,,,,,,,,,,,,,,,,,,,,,,,
Lightening Shot,Ranger,Attack,27,,Martial,Encounter,,,,,,,,,,,,,,,,,,,,,,,,,,,,,,,,,,,,,,,,,,,,,,,
Wandering Tornado,Ranger,Attack,27,,Martial,Encounter,,,,,,,,,,,,,,,,,,,,,,,,,,,,,,,,,,,,,,,,,,,,,,,
Follow-Up Blow,Ranger,Attack,29,,Martial,Daily,,,,,,,,,,,,,,,,,,,,,,,,,,,,,,,,,,,,,,,,,,,,,,,
Three-In-One Shot,Ranger,Attack,29,,Martial,Daily,,,,,,,,,,,,,,,,,,,,,,,,,,,,,,,,,,,,,,,,,,,,,,,
Weave a Web of Steel,Ranger,Attack,29,,Martial,Daily,,,,,,,,,,,,,,,,,,,,,,,,,,,,,,,,,,,,,,,,,,,,,,,
Deft Strike,Rogue,Attack,1,,Martial,At-Will,,,,,,,,,,,,,,,,,,,,,,,,,,,,,,,,,,,,,,,,,,,,,,,
Piercing Strike,Rogue,Attack,1,,Martial,At-Will,,,,,,,,,,,,,,,,,,,,,,,,,,,,,,,,,,,,,,,,,,,,,,,
Riposte Strike,Rogue,Attack,1,,Martial,At-Will,,,,,,,,,,,,,,,,,,,,,,,,,,,,,,,,,,,,,,,,,,,,,,,
Sly Fourish,Rogue,Attack,1,,Martial,At-Will,,,,,,,,,,,,,,,,,,,,,,,,,,,,,,,,,,,,,,,,,,,,,,,
Dazing Strike,Rogue,Attack,1,,Martial,Encounter,,,,,,,,,,,,,,,,,,,,,,,,,,,,,,,,,,,,,,,,,,,,,,,
King's Castle,Rogue,Attack,1,,Martial,Encounter,,,,,,,,,,,,,,,,,,,,,,,,,,,,,,,,,,,,,,,,,,,,,,,
Positioning Strike,Rogue,Attack,1,,Martial,Encounter,,,,,,,,,,,,,,,,,,,,,,,,,,,,,,,,,,,,,,,,,,,,,,,
Torturous Strike,Rogue,Attack,1,,Martial,Encounter,,,,,,,,,,,,,,,,,,,,,,,,,,,,,,,,,,,,,,,,,,,,,,,
Blinding Barrage,Rogue,Attack,1,,Martial,Daily,,,,,,,,,,,,,,,,,,,,,,,,,,,,,,,,,,,,,,,,,,,,,,,
Easy Target,Rogue,Attack,1,,Martial,Daily,,,,,,,,,,,,,,,,,,,,,,,,,,,,,,,,,,,,,,,,,,,,,,,
Trick Strike,Rogue,Attack,1,,Martial,Daily,,,,,,,,,,,,,,,,,,,,,,,,,,,,,,,,,,,,,,,,,,,,,,,
Fleeting Ghost,Rogue,Utility,2,,Martial,At-Will,,,,,,,,,,,,,,,,,,,,,,,,,,,,,,,,,,,,,,,,,,,,,,,
Great Leap,Rogue,Utility,2,,Martial,At-Will,,,,,,,,,,,,,,,,,,,,,,,,,,,,,,,,,,,,,,,,,,,,,,,
Master of Deceit,Rogue,Utility,2,,Martial,Encounter,,,,,,,,,,,,,,,,,,,,,,,,,,,,,,,,,,,,,,,,,,,,,,,
Quick Fingers,Rogue,Utility,2,,Martial,Encounter,,,,,,,,,,,,,,,,,,,,,,,,,,,,,,,,,,,,,,,,,,,,,,,
Tumble,Rogue,Utility,2,,Martial,Encounter,,,,,,,,,,,,,,,,,,,,,,,,,,,,,,,,,,,,,,,,,,,,,,,
Bait and Switch,Rogue,Attack,3,,Martial,Encounter,,,,,,,,,,,,,,,,,,,,,,,,,,,,,,,,,,,,,,,,,,,,,,,
Setup Strike,Rogue,Attack,3,,Martial,Encounter,,,,,,,,,,,,,,,,,,,,,,,,,,,,,,,,,,,,,,,,,,,,,,,
Topple Over,Rogue,Attack,3,,Martial,Encounter,,,,,,,,,,,,,,,,,,,,,,,,,,,,,,,,,,,,,,,,,,,,,,,
Trickster's Blade,Rogue,Attack,3,,Martial,Encounter,,,,,,,,,,,,,,,,,,,,,,,,,,,,,,,,,,,,,,,,,,,,,,,
Clever Riposte,Rogue,Attack,5,,Martial,Daily,,,,,,,,,,,,,,,,,,,,,,,,,,,,,,,,,,,,,,,,,,,,,,,
Deep Cut,Rogue,Attack,5,,Martial,Daily,,,,,,,,,,,,,,,,,,,,,,,,,,,,,,,,,,,,,,,,,,,,,,,
Walking Wounded,Rogue,Attack,5,,Martial,Daily,,,,,,,,,,,,,,,,,,,,,,,,,,,,,,,,,,,,,,,,,,,,,,,
Chameleon,Rogue,Utility,6,,Martial,At-Will,,,,,,,,,,,,,,,,,,,,,,,,,,,,,,,,,,,,,,,,,,,,,,,
Ignoble Escape,Rogue,Utility,6,,Martial,Encounter,,,,,,,,,,,,,,,,,,,,,,,,,,,,,,,,,,,,,,,,,,,,,,,
Mob Mentality,Rogue,Utility,6,,Martial,Encounter,,,,,,,,,,,,,,,,,,,,,,,,,,,,,,,,,,,,,,,,,,,,,,,
nimble Climb,Rogue,Utility,6,,Martial,Encounter,,,,,,,,,,,,,,,,,,,,,,,,,,,,,,,,,,,,,,,,,,,,,,,
Slippery Mind,Rogue,Utility,6,,Martial,Encounter,,,,,,,,,,,,,,,,,,,,,,,,,,,,,,,,,,,,,,,,,,,,,,,
Cloud of Steel,Rogue,Attack,7,,Martial,Encounter,,,,,,,,,,,,,,,,,,,,,,,,,,,,,,,,,,,,,,,,,,,,,,,
Imperiling Strike,Rogue,Attack,7,,Martial,Encounter,,,,,,,,,,,,,,,,,,,,,,,,,,,,,,,,,,,,,,,,,,,,,,,
Rogue's Luck,Rogue,Attack,7,,Martial,Encounter,,,,,,,,,,,,,,,,,,,,,,,,,,,,,,,,,,,,,,,,,,,,,,,
Sand in the Eyes,Rogue,Attack,7,,Martial,Encounter,,,,,,,,,,,,,,,,,,,,,,,,,,,,,,,,,,,,,,,,,,,,,,,
Crimson Edge,Rogue,Attack,9,,Martial,Daily,,,,,,,,,,,,,,,,,,,,,,,,,,,,,,,,,,,,,,,,,,,,,,,
Deadly Positioning,Rogue,Attack,9,,Martial,Daily,,,,,,,,,,,,,,,,,,,,,,,,,,,,,,,,,,,,,,,,,,,,,,,
Knockout,Rogue,Attack,9,,Martial,Daily,,,,,,,,,,,,,,,,,,,,,,,,,,,,,,,,,,,,,,,,,,,,,,,
Certain Freedom,Rogue,Utility,10,,Martial,Daily,,,,,,,,,,,,,,,,,,,,,,,,,,,,,,,,,,,,,,,,,,,,,,,
Close Quarters,Rogue,Utility,10,,Martial,Daily,,,,,,,,,,,,,,,,,,,,,,,,,,,,,,,,,,,,,,,,,,,,,,,
Dangerous Theft,Rogue,Utility,10,,Martial,Encounter,,,,,,,,,,,,,,,,,,,,,,,,,,,,,,,,,,,,,,,,,,,,,,,
Shadow Stride,Rogue,Utility,10,,Martial,At-Will,,,,,,,,,,,,,,,,,,,,,,,,,,,,,,,,,,,,,,,,,,,,,,,
Fool's Opportunity,Rogue,Attack,13,,Martial,Encounter,,,,,,,,,,,,,,,,,,,,,,,,,,,,,,,,,,,,,,,,,,,,,,,
Stunning Strike,Rogue,Attack,13,,Martial,Encounter,,,,,,,,,,,,,,,,,,,,,,,,,,,,,,,,,,,,,,,,,,,,,,,
Tornado Strike,Rogue,Attack,13,,Martial,Encounter,,,,,,,,,,,,,,,,,,,,,,,,,,,,,,,,,,,,,,,,,,,,,,,
Unbalancing Attack,Rogue,Attack,13,,Martial,Encounter,,,,,,,,,,,,,,,,,,,,,,,,,,,,,,,,,,,,,,,,,,,,,,,
Bloody Path,Rogue,Attack,15,,Martial,Daliy,,,,,,,,,,,,,,,,,,,,,,,,,,,,,,,,,,,,,,,,,,,,,,,
Garrote Grip,Rogue,Attack,15,,Martial,Daliy,,,,,,,,,,,,,,,,,,,,,,,,,,,,,,,,,,,,,,,,,,,,,,,
Slaying Strike,Rogue,Attack,15,,Martial,Daliy,,,,,,,,,,,,,,,,,,,,,,,,,,,,,,,,,,,,,,,,,,,,,,,
Foil the Lock,Rogue,Utility,16,,Martial,Daliy,,,,,,,,,,,,,,,,,,,,,,,,,,,,,,,,,,,,,,,,,,,,,,,
Hide In Plain Sight,Rogue,Utility,16,,Martial,Encounter,,,,,,,,,,,,,,,,,,,,,,,,,,,,,,,,,,,,,,,,,,,,,,,
Leaping Dodge,Rogue,Utility,16,,Martial,Encounter,,,,,,,,,,,,,,,,,,,,,,,,,,,,,,,,,,,,,,,,,,,,,,,
Raise the Stakes,Rogue,Utility,16,,Martial,Daily,,,,,,,,,,,,,,,,,,,,,,,,,,,,,,,,,,,,,,,,,,,,,,,
Dragon Tail Strike,Rogue,Attack,17,,Martial,Encounter,,,,,,,,,,,,,,,,,,,,,,,,,,,,,,,,,,,,,,,,,,,,,,,
Hounding Strike,Rogue,Attack,17,,Martial,Encounter,,,,,,,,,,,,,,,,,,,,,,,,,,,,,,,,,,,,,,,,,,,,,,,
Stab and Grab,Rogue,Attack,17,,Martial,Encounter,,,,,,,,,,,,,,,,,,,,,,,,,,,,,,,,,,,,,,,,,,,,,,,
Feinting Flurry,Rogue,Attack,19,,Martial,Daily,,,,,,,,,,,,,,,,,,,,,,,,,,,,,,,,,,,,,,,,,,,,,,,
Flying Foe,Rogue,Attack,19,,Martial,Daily,,,,,,,,,,,,,,,,,,,,,,,,,,,,,,,,,,,,,,,,,,,,,,,
Snake's Retreat,Rogue,Attack,19,,Martial,Daily,,,,,,,,,,,,,,,,,,,,,,,,,,,,,,,,,,,,,,,,,,,,,,,
Cloud Jump,Rogue,Utility,22,,Martial,Encounter,,,,,,,,,,,,,,,,,,,,,,,,,,,,,,,,,,,,,,,,,,,,,,,
Dazzling Acrobatics,Rogue,Utility,22,,Martial,Encounter,,,,,,,,,,,,,,,,,,,,,,,,,,,,,,,,,,,,,,,,,,,,,,,
Hide from the Light,Rogue,Utility,22,,Martial,Daily,,,,,,,,,,,,,,,,,,,,,,,,,,,,,,,,,,,,,,,,,,,,,,,
Knave's Gambit,Rogue,Attack,23,,Martial,Encounter,,,,,,,,,,,,,,,,,,,,,,,,,,,,,,,,,,,,,,,,,,,,,,,
Scorpion Strike,Rogue,Attack,23,,Martial,Encounter,,,,,,,,,,,,,,,,,,,,,,,,,,,,,,,,,,,,,,,,,,,,,,,
Steel Entrapment,Rogue,Attack,23,,Martial,Encounter,,,,,,,,,,,,,,,,,,,,,,,,,,,,,,,,,,,,,,,,,,,,,,,
Biting Assault,Rogue,Attack,25,,Martial,Daily,,,,,,,,,,,,,,,,,,,,,,,,,,,,,,,,,,,,,,,,,,,,,,,
Ghost on the Wind,Rogue,Attack,25,,Martial,Daily,,,,,,,,,,,,,,,,,,,,,,,,,,,,,,,,,,,,,,,,,,,,,,,
Hamstring,Rogue,Attack,25,,Martial,Daily,,,,,,,,,,,,,,,,,,,,,,,,,,,,,,,,,,,,,,,,,,,,,,,
Dance of Death,Rogue,Attack,27,,Martial,Encounter,,,,,,,,,,,,,,,,,,,,,,,,,,,,,,,,,,,,,,,,,,,,,,,
Hurricane of Blood,Rogue,Attack,27,,Martial,Encounter,,,,,,,,,,,,,,,,,,,,,,,,,,,,,,,,,,,,,,,,,,,,,,,
Perfect Strike,Rogue,Attack,27,,Martial,Encounter,,,,,,,,,,,,,,,,,,,,,,,,,,,,,,,,,,,,,,,,,,,,,,,
Assassian's Point,Rogue,Attack,29,,Martial,Daily,,,,,,,,,,,,,,,,,,,,,,,,,,,,,,,,,,,,,,,,,,,,,,,
Immobilizing Strike,Rogue,Attack,29,,Martial,Daily,,,,,,,,,,,,,,,,,,,,,,,,,,,,,,,,,,,,,,,,,,,,,,,
Moving Target,Rogue,Attack,29,,Martial,Daily,,,,,,,,,,,,,,,,,,,,,,,,,,,,,,,,,,,,,,,,,,,,,,,
Dire Radiance,Warlock (Star),Attack,1,,Arcane,At-Will,,,,,,,,,,,,,,,,,,,,,,,,,,,,,,,,,,,,,,,,,,,,,,,
Eldrich Blast,Warlock (All),Attack,1,,Arcane,At-Will,,,,,,,,,,,,,,,,,,,,,,,,,,,,,,,,,,,,,,,,,,,,,,,
Eyebite,Warlock (Fey),Attack,1,,Arcane,At-Will,,,,,,,,,,,,,,,,,,,,,,,,,,,,,,,,,,,,,,,,,,,,,,,
Hellish Rebuke,Warlock (Infernal),Attack,1,,Arcane,At-Will,,,,,,,,,,,,,,,,,,,,,,,,,,,,,,,,,,,,,,,,,,,,,,,
Diabolic Grasp,Warlock (Infernal),Attack,1,,Arcane,Encounter,,,,,,,,,,,,,,,,,,,,,,,,,,,,,,,,,,,,,,,,,,,,,,,
Dreadful Word,Warlock (Star),Attack,1,,Arcane,Encounter,,,,,,,,,,,,,,,,,,,,,,,,,,,,,,,,,,,,,,,,,,,,,,,
Vampiric Embrace,Warlock (Infernal),Attack,1,,Arcane,Encounter,,,,,,,,,,,,,,,,,,,,,,,,,,,,,,,,,,,,,,,,,,,,,,,
Wichfire,Warlock (Fey),Attack,1,,Arcane,Encounter,,,,,,,,,,,,,,,,,,,,,,,,,,,,,,,,,,,,,,,,,,,,,,,
Armor of Agathys,Warlock (Infernal),Attack,1,,Arcane,Daily,,,,,,,,,,,,,,,,,,,,,,,,,,,,,,,,,,,,,,,,,,,,,,,
Curse of the Dark Dream,Warlock (Fey),Attack,1,,Arcane,Daily,,,,,,,,,,,,,,,,,,,,,,,,,,,,,,,,,,,,,,,,,,,,,,,
Dread Star,Warlock (Star),Attack,1,,Arcane,Daily,,,,,,,,,,,,,,,,,,,,,,,,,,,,,,,,,,,,,,,,,,,,,,,
Flames of Phlegethos,Warlock (Infernal),Attack,1,,Arcane,Daily,,,,,,,,,,,,,,,,,,,,,,,,,,,,,,,,,,,,,,,,,,,,,,,
Beguiling Tongue,Warlock (Fey),Utility,2,,Arcane,Encounter,,,,,,,,,,,,,,,,,,,,,,,,,,,,,,,,,,,,,,,,,,,,,,,
Etheral Stride,Warlock (Star),Utility,2,,Arcane,Encounter,,,,,,,,,,,,,,,,,,,,,,,,,,,,,,,,,,,,,,,,,,,,,,,
Fiendish Resilience,Warlock (Infernal),Utility,2,,Arcane,Daliy,,,,,,,,,,,,,,,,,,,,,,,,,,,,,,,,,,,,,,,,,,,,,,,
Shadow Veil,Warlock (Star),Utility,2,,Arcane,Encounter,,,,,,,,,,,,,,,,,,,,,,,,,,,,,,,,,,,,,,,,,,,,,,,
Eldrich Rain,Warlock (Fey),Attack,3,,Arcane,Encounter,,,,,,,,,,,,,,,,,,,,,,,,,,,,,,,,,,,,,,,,,,,,,,,
Fiery Bolt,Warlock (Infernal),Attack,3,,Arcane,Encounter,,,,,,,,,,,,,,,,,,,,,,,,,,,,,,,,,,,,,,,,,,,,,,,
Frigid Darkness,Warlock (Star),Attack,3,,Arcane,Encounter,,,,,,,,,,,,,,,,,,,,,,,,,,,,,,,,,,,,,,,,,,,,,,,
Otherwind Stride,Warlock (Fey),Attack,3,,Arcane,Encounter,,,,,,,,,,,,,,,,,,,,,,,,,,,,,,,,,,,,,,,,,,,,,,,
Avernian Eruption,Warlock (Infernal),Attack,5,,Arcane,Daily,,,,,,,,,,,,,,,,,,,,,,,,,,,,,,,,,,,,,,,,,,,,,,,
Crown of Madness,Warlock (Fey),Attack,5,,Arcane,Daily,,,,,,,,,,,,,,,,,,,,,,,,,,,,,,,,,,,,,,,,,,,,,,,
Curse of the Bloody Fangs,Warlock (Fey),Attack,5,,Arcane,Daily,,,,,,,,,,,,,,,,,,,,,,,,,,,,,,,,,,,,,,,,,,,,,,,
Hunger of Hadar,Warlock (Star),Attack,5,,Arcane,Daily,,,,,,,,,,,,,,,,,,,,,,,,,,,,,,,,,,,,,,,,,,,,,,,
Dark One's Own Luck,Warlock (Star),Utility,6,,Arcane,Daily,,,,,,,,,,,,,,,,,,,,,,,,,,,,,,,,,,,,,,,,,,,,,,,
Fey Switch,Warlock (Fey),Utility,6,,Arcane,Encounter,,,,,,,,,,,,,,,,,,,,,,,,,,,,,,,,,,,,,,,,,,,,,,,
Shoud of Black Steel,Warlock (Infernal),Utility,6,,Arcane,Daily,,,,,,,,,,,,,,,,,,,,,,,,,,,,,,,,,,,,,,,,,,,,,,,
Spider Climb,Warlock (Infernal),Utility,6,,Arcane,Encounter,,,,,,,,,,,,,,,,,,,,,,,,,,,,,,,,,,,,,,,,,,,,,,,
Howl of Doom,Warlock (Infernal),Attack,7,,Arcane,Encounter,,,,,,,,,,,,,,,,,,,,,,,,,,,,,,,,,,,,,,,,,,,,,,,
Infernal Moon Curse,Warlock (Infernal),Attack,7,,Arcane,Encounter,,,,,,,,,,,,,,,,,,,,,,,,,,,,,,,,,,,,,,,,,,,,,,,
Mire the Mind,Warlock (Fey),Attack,7,,Arcane,Encounter,,,,,,,,,,,,,,,,,,,,,,,,,,,,,,,,,,,,,,,,,,,,,,,
Sign of Ill Omen,Warlock (Star),Attack,7,,Arcane,Encounter,,,,,,,,,,,,,,,,,,,,,,,,,,,,,,,,,,,,,,,,,,,,,,,
Curse of the Black Forest,Warlock (Fey),Attack,9,,Arcane,Daily,,,,,,,,,,,,,,,,,,,,,,,,,,,,,,,,,,,,,,,,,,,,,,,
Iron Spike of Dis,Warlock (Infernal),Attack,9,,Arcane,Daily,,,,,,,,,,,,,,,,,,,,,,,,,,,,,,,,,,,,,,,,,,,,,,,
Summons of Khirad,Warlock (Star),Attack,9,,Arcane,Daily,,,,,,,,,,,,,,,,,,,,,,,,,,,,,,,,,,,,,,,,,,,,,,,
Thief of Five Fates,Warlock (Star),Attack,9,,Arcane,Daily,,,,,,,,,,,,,,,,,,,,,,,,,,,,,,,,,,,,,,,,,,,,,,,
Ambassador Imp,Warlock (Infernal),Utility,10,,Arcane,Daily,,,,,,,,,,,,,,,,,,,,,,,,,,,,,,,,,,,,,,,,,,,,,,,
Shadow Form,Warlock (Star),Utility,10,,Arcane,Daily,,,,,,,,,,,,,,,,,,,,,,,,,,,,,,,,,,,,,,,,,,,,,,,
Shielding Shades,Warlock (Star),Utility,10,,Arcane,Daily,,,,,,,,,,,,,,,,,,,,,,,,,,,,,,,,,,,,,,,,,,,,,,,
Warlock's Leap,Warlock (Fey),Utility,10,,Arcane,Daily,,,,,,,,,,,,,,,,,,,,,,,,,,,,,,,,,,,,,,,,,,,,,,,
Bewitching Whispers,Warlock (Fey),Attack,13,,Arcane,Encounter,,,,,,,,,,,,,,,,,,,,,,,,,,,,,,,,,,,,,,,,,,,,,,,
Coldfire Vortex,Warlock (Star),Attack,13,,Arcane,Encounter,,,,,,,,,,,,,,,,,,,,,,,,,,,,,,,,,,,,,,,,,,,,,,,
Harrowstorm,Warlock (Infernal),Attack,13,,Arcane,Encounter,,,,,,,,,,,,,,,,,,,,,,,,,,,,,,,,,,,,,,,,,,,,,,,
Soul Flaying,Warlock (Infernal),Attack,13,,Arcane,Encounter,,,,,,,,,,,,,,,,,,,,,,,,,,,,,,,,,,,,,,,,,,,,,,,
Curse of the Golden Mist,Warlock (Fey),Attack,15,,Arcane,Daily,,,,,,,,,,,,,,,,,,,,,,,,,,,,,,,,,,,,,,,,,,,,,,,
Fireswarm,Warlock (Infernal),Attack,15,,Arcane,Daily,,,,,,,,,,,,,,,,,,,,,,,,,,,,,,,,,,,,,,,,,,,,,,,
Tendrils of Thuban,Warlock (Star),Attack,15,,Arcane,Daily,,,,,,,,,,,,,,,,,,,,,,,,,,,,,,,,,,,,,,,,,,,,,,,
Thirsting Maw,Warlock (Infernal),Attack,15,,Arcane,Daily,,,,,,,,,,,,,,,,,,,,,,,,,,,,,,,,,,,,,,,,,,,,,,,
Cloak of Shadow,Warlock (Infernal),Utility,16,,Arcane,Encounter,,,,,,,,,,,,,,,,,,,,,,,,,,,,,,,,,,,,,,,,,,,,,,,
Eye of the Warlock,Warlock (Star),Utility,16,,Arcane,Daily,,,,,,,,,,,,,,,,,,,,,,,,,,,,,,,,,,,,,,,,,,,,,,,
Infurating Elusiveness,Warlock (Fey),Utility,16,,Arcane,Encounter,,,,,,,,,,,,,,,,,,,,,,,,,,,,,,,,,,,,,,,,,,,,,,,
Strand of Fate,Warlock (Star),Attack,17,,Arcane,Encounter,,,,,,,,,,,,,,,,,,,,,,,,,,,,,,,,,,,,,,,,,,,,,,,
Thirsting Tendrils,Warlock (Fey),Attack,17,,Arcane,Encounter,,,,,,,,,,,,,,,,,,,,,,,,,,,,,,,,,,,,,,,,,,,,,,,
Warlock's Bargin,Warlock (Infernal),Attack,17,,Arcane,Encounter,,,,,,,,,,,,,,,,,,,,,,,,,,,,,,,,,,,,,,,,,,,,,,,
Delusions of Loyalty,Warlock (Fey),Attack,19,,Arcane,Daily,,,,,,,,,,,,,,,,,,,,,,,,,,,,,,,,,,,,,,,,,,,,,,,
Minions of Malbolge,Warlock (Infernal),Attack,19,,Arcane,Daily,,,,,,,,,,,,,,,,,,,,,,,,,,,,,,,,,,,,,,,,,,,,,,,
Wrath of Acamar,Warlock (Star),Attack,19,,Arcane,Daily,,,,,,,,,,,,,,,,,,,,,,,,,,,,,,,,,,,,,,,,,,,,,,,
Entropic Ward,Warlock (Star),Utility,22,,Arcane,Encounter,,,,,,,,,,,,,,,,,,,,,,,,,,,,,,,,,,,,,,,,,,,,,,,
Raven's Glamor,Warlock (Fey),Utility,22,,Arcane,Daily,,,,,,,,,,,,,,,,,,,,,,,,,,,,,,,,,,,,,,,,,,,,,,,
Wings of the Fiend,Warlock (Infernal),Utility,22,,Arcane,Daily,,,,,,,,,,,,,,,,,,,,,,,,,,,,,,,,,,,,,,,,,,,,,,,
Dark Transport,Warlock (Star),Attack,23,,Arcane,Encounter,,,,,,,,,,,,,,,,,,,,,,,,,,,,,,,,,,,,,,,,,,,,,,,
Spiteful Darts,Warlock (Infernal),Attack,23,,Arcane,Encounter,,,,,,,,,,,,,,,,,,,,,,,,,,,,,,,,,,,,,,,,,,,,,,,
Thorns of Venom,Warlock (Fey),Attack,23,,Arcane,Encounter,,,,,,,,,,,,,,,,,,,,,,,,,,,,,,,,,,,,,,,,,,,,,,,
Curse of the Twin Princes,Warlock (Fey),Attack,25,,Arcane,Daily,,,,,,,,,,,,,,,,,,,,,,,,,,,,,,,,,,,,,,,,,,,,,,,
Tartarean Tomb,Warlock (Infernal),Attack,25,,Arcane,Daily,,,,,,,,,,,,,,,,,,,,,,,,,,,,,,,,,,,,,,,,,,,,,,,
Thirteen Baleful Stars,Warlock (Star),Attack,25,,Arcane,Daily,,,,,,,,,,,,,,,,,,,,,,,,,,,,,,,,,,,,,,,,,,,,,,,
Banish to the Void,Warlock (Star),Attack,27,,Arcane,Encounter,,,,,,,,,,,,,,,,,,,,,,,,,,,,,,,,,,,,,,,,,,,,,,,
Curse of the Fey King,Warlock (Fey),Attack,27,,Arcane,Encounter,,,,,,,,,,,,,,,,,,,,,,,,,,,,,,,,,,,,,,,,,,,,,,,
Hellfire Curse,Warlock (Infernal),Attack,27,,Arcane,Encounter,,,,,,,,,,,,,,,,,,,,,,,,,,,,,,,,,,,,,,,,,,,,,,,
Curse of the Dark Delirium,Warlock (Fey),Attack,29,,Arcane,Daily,,,,,,,,,,,,,,,,,,,,,,,,,,,,,,,,,,,,,,,,,,,,,,,
Doom of Delban,Warlock (Star),Attack,29,,Arcane,Daily,,,,,,,,,,,,,,,,,,,,,,,,,,,,,,,,,,,,,,,,,,,,,,,
Hurl Through Hell,Warlock (Infernal),Attack,29,,Arcane,Daily,,,,,,,,,,,,,,,,,,,,,,,,,,,,,,,,,,,,,,,,,,,,,,,
Commander's Strike,Warlord,Attack,1,,Martial,At-Will,,,,,,,,,,,,,,,,,,,,,,,,,,,,,,,,,,,,,,,,,,,,,,,
Furious Smash,Warlord,Attack,1,,Martial,At-Will,,,,,,,,,,,,,,,,,,,,,,,,,,,,,,,,,,,,,,,,,,,,,,,
Viper's Strike,Warlord,Attack,1,,Martial,At-Will,,,,,,,,,,,,,,,,,,,,,,,,,,,,,,,,,,,,,,,,,,,,,,,
Wolf Pack Tactics,Warlord,Attack,1,,Martial,At-Will,,,,,,,,,,,,,,,,,,,,,,,,,,,,,,,,,,,,,,,,,,,,,,,
Guarding Attack,Warlord,Attack,1,,Martial,Encounter,,,,,,,,,,,,,,,,,,,,,,,,,,,,,,,,,,,,,,,,,,,,,,,
Hammer and Anvil,Warlord,Attack,1,,Martial,Encounter,,,,,,,,,,,,,,,,,,,,,,,,,,,,,,,,,,,,,,,,,,,,,,,
Leaf on the Wind,Warlord,Attack,1,,Martial,Encounter,,,,,,,,,,,,,,,,,,,,,,,,,,,,,,,,,,,,,,,,,,,,,,,
Warlord's Favor,Warlord,Attack,1,,Martial,Encounter,,,,,,,,,,,,,,,,,,,,,,,,,,,,,,,,,,,,,,,,,,,,,,,
Bastion of Defense,Warlord,Attack,1,,Martial,Daily,,,,,,,,,,,,,,,,,,,,,,,,,,,,,,,,,,,,,,,,,,,,,,,
Lead the Attack,Warlord,Attack,1,,Martial,Daily,,,,,,,,,,,,,,,,,,,,,,,,,,,,,,,,,,,,,,,,,,,,,,,
Pin the Foe,Warlord,Attack,1,,Martial,Daily,,,,,,,,,,,,,,,,,,,,,,,,,,,,,,,,,,,,,,,,,,,,,,,
White Raven Onslaught,Warlord,Attack,1,,Martial,Daily,,,,,,,,,,,,,,,,,,,,,,,,,,,,,,,,,,,,,,,,,,,,,,,
Aid the Injured,Warlord,Utility,2,,Martial,Encounter,,,,,,,,,,,,,,,,,,,,,,,,,,,,,,,,,,,,,,,,,,,,,,,
Crescendo of Violence,Warlord,Utility,2,,Martial,Encounter,,,,,,,,,,,,,,,,,,,,,,,,,,,,,,,,,,,,,,,,,,,,,,,
Knight's Move,Warlord,Utility,2,,Martial,Encounter,,,,,,,,,,,,,,,,,,,,,,,,,,,,,,,,,,,,,,,,,,,,,,,
Shake It Off,Warlord,Utility,2,,Martial,Encounter,,,,,,,,,,,,,,,,,,,,,,,,,,,,,,,,,,,,,,,,,,,,,,,
Hold the Line,Warlord,Attack,3,,Martial,Encounter,,,,,,,,,,,,,,,,,,,,,,,,,,,,,,,,,,,,,,,,,,,,,,,
Inspiring War Cry,Warlord,Attack,3,,Martial,Encounter,,,,,,,,,,,,,,,,,,,,,,,,,,,,,,,,,,,,,,,,,,,,,,,
Steel Monsoon,Warlord,Attack,3,,Martial,Encounter,,,,,,,,,,,,,,,,,,,,,,,,,,,,,,,,,,,,,,,,,,,,,,,
Warlord's Strike,Warlord,Attack,3,,Martial,Encounter,,,,,,,,,,,,,,,,,,,,,,,,,,,,,,,,,,,,,,,,,,,,,,,
Stand the Fallen,Warlord,Attack,5,,Martial,Daily,,,,,,,,,,,,,,,,,,,,,,,,,,,,,,,,,,,,,,,,,,,,,,,
Turning Point,Warlord,Attack,5,,Martial,Daily,,,,,,,,,,,,,,,,,,,,,,,,,,,,,,,,,,,,,,,,,,,,,,,
Villian's Nightmare,Warlord,Attack,5,,Martial,Daily,,,,,,,,,,,,,,,,,,,,,,,,,,,,,,,,,,,,,,,,,,,,,,,
Guide the Charge,Warlord,Utility,6,,Martial,Encounter,,,,,,,,,,,,,,,,,,,,,,,,,,,,,,,,,,,,,,,,,,,,,,,
Inspiring Reaction,Warlord,Utility,6,,Martial,Daily,,,,,,,,,,,,,,,,,,,,,,,,,,,,,,,,,,,,,,,,,,,,,,,
Quick Step,Warlord,Utility,6,,Martial,Daily,,,,,,,,,,,,,,,,,,,,,,,,,,,,,,,,,,,,,,,,,,,,,,,
Lion's Roar,Warlord,Attack,7,,Martial,Encounter,,,,,,,,,,,,,,,,,,,,,,,,,,,,,,,,,,,,,,,,,,,,,,,
Sunder Armor,Warlord,Attack,7,,Martial,Encounter,,,,,,,,,,,,,,,,,,,,,,,,,,,,,,,,,,,,,,,,,,,,,,,
Stand Tough,Warlord,Attack,7,,Martial,Encounter,,,,,,,,,,,,,,,,,,,,,,,,,,,,,,,,,,,,,,,,,,,,,,,
Surprise Attack,Warlord,Attack,7,,Martial,Encounter,,,,,,,,,,,,,,,,,,,,,,,,,,,,,,,,,,,,,,,,,,,,,,,
Surround Foe,Warlord,Attack,7,,Martial,Encounter,,,,,,,,,,,,,,,,,,,,,,,,,,,,,,,,,,,,,,,,,,,,,,,
Iron Dragon Charge,Warlord,Attack,9,,Martial,Daily,,,,,,,,,,,,,,,,,,,,,,,,,,,,,,,,,,,,,,,,,,,,,,,
Knock Them Down,Warlord,Attack,9,,Martial,Daily,,,,,,,,,,,,,,,,,,,,,,,,,,,,,,,,,,,,,,,,,,,,,,,
White Raven Strike,Warlord,Attack,9,,Martial,Daily,,,,,,,,,,,,,,,,,,,,,,,,,,,,,,,,,,,,,,,,,,,,,,,
Defensie Rally,Warlord,Utility,10,,Martial,Daily,,,,,,,,,,,,,,,,,,,,,,,,,,,,,,,,,,,,,,,,,,,,,,,
Ease Suffering,Warlord,Utility,10,,Martial,Daily,,,,,,,,,,,,,,,,,,,,,,,,,,,,,,,,,,,,,,,,,,,,,,,
Tactical Shift,Warlord,Utility,10,,Martial,Daily,,,,,,,,,,,,,,,,,,,,,,,,,,,,,,,,,,,,,,,,,,,,,,,
Beat Them Into the Ground,Warlord,Attack,13,,Martial,Encounter,,,,,,,,,,,,,,,,,,,,,,,,,,,,,,,,,,,,,,,,,,,,,,,
Bolstering Blow,Warlord,Attack,13,,Martial,Encounter,,,,,,,,,,,,,,,,,,,,,,,,,,,,,,,,,,,,,,,,,,,,,,,
Denying Smite,Warlord,Attack,13,,Martial,Encounter,,,,,,,,,,,,,,,,,,,,,,,,,,,,,,,,,,,,,,,,,,,,,,,
Fury of the Sirocco,Warlord,Attack,13,,Martial,Encounter,,,,,,,,,,,,,,,,,,,,,,,,,,,,,,,,,,,,,,,,,,,,,,,
Make Them Bleed,Warlord,Attack,15,,Martial,Daily,,,,,,,,,,,,,,,,,,,,,,,,,,,,,,,,,,,,,,,,,,,,,,,
Renew the Troops,Warlord,Attack,15,,Martial,Daily,,,,,,,,,,,,,,,,,,,,,,,,,,,,,,,,,,,,,,,,,,,,,,,
Warlord's Gambit,Warlord,Attack,15,,Martial,Daily,,,,,,,,,,,,,,,,,,,,,,,,,,,,,,,,,,,,,,,,,,,,,,,
Hero's Defiance,Warlord,Utility,16,,Martial,Daily,,,,,,,,,,,,,,,,,,,,,,,,,,,,,,,,,,,,,,,,,,,,,,,
Warlord's Banner,Warlord,Utility,16,,Martial,Encounter,,,,,,,,,,,,,,,,,,,,,,,,,,,,,,,,,,,,,,,,,,,,,,,
White Raven Formation,Warlord,Utility,16,,Martial,Daily,,,,,,,,,,,,,,,,,,,,,,,,,,,,,,,,,,,,,,,,,,,,,,,
Battle On,Warlord,Attack,17,,Martial,Encounter,,,,,,,,,,,,,,,,,,,,,,,,,,,,,,,,,,,,,,,,,,,,,,,
Hall of Steel,Warlord,Attack,17,,Martial,Encounter,,,,,,,,,,,,,,,,,,,,,,,,,,,,,,,,,,,,,,,,,,,,,,,
Thunderous Fury,Warlord,Attack,17,,Martial,Encounter,,,,,,,,,,,,,,,,,,,,,,,,,,,,,,,,,,,,,,,,,,,,,,,
Warlord's Rush,Warlord,Attack,17,,Martial,Encounter,,,,,,,,,,,,,,,,,,,,,,,,,,,,,,,,,,,,,,,,,,,,,,,
Break the Tempo,Warlord,Attack,19,,Martial,Daily,,,,,,,,,,,,,,,,,,,,,,,,,,,,,,,,,,,,,,,,,,,,,,,
Victory Surge,Warlord,Attack,19,,Martial,Daily,,,,,,,,,,,,,,,,,,,,,,,,,,,,,,,,,,,,,,,,,,,,,,,
Windmill of Doom,Warlord,Attack,19,,Martial,Daily,,,,,,,,,,,,,,,,,,,,,,,,,,,,,,,,,,,,,,,,,,,,,,,
Heart of the Titan,Warlord,Utility,22,,Martial,Daily,,,,,,,,,,,,,,,,,,,,,,,,,,,,,,,,,,,,,,,,,,,,,,,
Heroic Surge,Warlord,Utility,22,,Martial,Daily,,,,,,,,,,,,,,,,,,,,,,,,,,,,,,,,,,,,,,,,,,,,,,,
Own the Battlefield,Warlord,Utility,22,,Martial,Daily,,,,,,,,,,,,,,,,,,,,,,,,,,,,,,,,,,,,,,,,,,,,,,,
Great Dragon War Cry,Warlord,Attack,23,,Martial,Encounter,,,,,,,,,,,,,,,,,,,,,,,,,,,,,,,,,,,,,,,,,,,,,,,
Pillor to Post,Warlord,Attack,23,,Martial,Encounter,,,,,,,,,,,,,,,,,,,,,,,,,,,,,,,,,,,,,,,,,,,,,,,
Rabbits and Wolves,Warlord,Attack,23,,Martial,Encounter,,,,,,,,,,,,,,,,,,,,,,,,,,,,,,,,,,,,,,,,,,,,,,,
Sudden Assault,Warlord,Attack,23,,Martial,Encounter,,,,,,,,,,,,,,,,,,,,,,,,,,,,,,,,,,,,,,,,,,,,,,,
Relentless Assault,Warlord,Attack,25,,Martial,Daily,,,,,,,,,,,,,,,,,,,,,,,,,,,,,,,,,,,,,,,,,,,,,,,
Stir the Hornet's Nest,Warlord,Attack,25,,Martial,Daily,,,,,,,,,,,,,,,,,,,,,,,,,,,,,,,,,,,,,,,,,,,,,,,
White Raven's Call,Warlord,Attack,25,,Martial,Daily,,,,,,,,,,,,,,,,,,,,,,,,,,,,,,,,,,,,,,,,,,,,,,,
Chimera Battlestrike,Warlord,Attack,27,,Martial,Encounter,,,,,,,,,,,,,,,,,,,,,,,,,,,,,,,,,,,,,,,,,,,,,,,
Devestating Charge,Warlord,Attack,27,,Martial,Encounter,,,,,,,,,,,,,,,,,,,,,,,,,,,,,,,,,,,,,,,,,,,,,,,
Incite Heroism,Warlord,Attack,27,,Martial,Encounter,,,,,,,,,,,,,,,,,,,,,,,,,,,,,,,,,,,,,,,,,,,,,,,
Warlord's Doom,Warlord,Attack,27,,Martial,Encounter,,,,,,,,,,,,,,,,,,,,,,,,,,,,,,,,,,,,,,,,,,,,,,,
Defy Death,Warlord,Attack,29,,Martial,Daily,,,,,,,,,,,,,,,,,,,,,,,,,,,,,,,,,,,,,,,,,,,,,,,
Stand Invincible,Warlord,Attack,29,,Martial,Daily,,,,,,,,,,,,,,,,,,,,,,,,,,,,,,,,,,,,,,,,,,,,,,,
Cloud of Daggers,Wizard,Attack,1,,Arcane,At-Will,,,,,,,,,,,,,,,,,,,,,,,,,,,,,,,,,,,,,,,,,,,,,,,
Magic Missle,Wizard,Attack,1,,Arcane,At-Will,,,,,,,,,,,,,,,,,,,,,,,,,,,,,,,,,,,,,,,,,,,,,,,
Ray of Frost,Wizard,Attack,1,,Arcane,At-Will,,,,,,,,,,,,,,,,,,,,,,,,,,,,,,,,,,,,,,,,,,,,,,,
Scorching Burst,Wizard,Attack,1,,Arcane,At-Will,,,,,,,,,,,,,,,,,,,,,,,,,,,,,,,,,,,,,,,,,,,,,,,
Thunderwave,Wizard,Attack,1,,Arcane,At-Will,,,,,,,,,,,,,,,,,,,,,,,,,,,,,,,,,,,,,,,,,,,,,,,
Burning Hands,Wizard,Attack,1,,Arcane,Encounter,,,,,,,,,,,,,,,,,,,,,,,,,,,,,,,,,,,,,,,,,,,,,,,
Chill Strike,Wizard,Attack,1,,Arcane,Encounter,,,,,,,,,,,,,,,,,,,,,,,,,,,,,,,,,,,,,,,,,,,,,,,
Force Orb,Wizard,Attack,1,,Arcane,Encounter,,,,,,,,,,,,,,,,,,,,,,,,,,,,,,,,,,,,,,,,,,,,,,,
icy Terrain,Wizard,Attack,1,,Arcane,Encounter,,,,,,,,,,,,,,,,,,,,,,,,,,,,,,,,,,,,,,,,,,,,,,,
Ray of Enfeeblement,Wizard,Attack,1,,Arcane,Encounter,,,,,,,,,,,,,,,,,,,,,,,,,,,,,,,,,,,,,,,,,,,,,,,
Acid Arrow,Wizard,Attack,1,,Arcane,Daily,,,,,,,,,,,,,,,,,,,,,,,,,,,,,,,,,,,,,,,,,,,,,,,
Flaming Sphere,Wizard,Attack,1,,Arcane,Daily,,,,,,,,,,,,,,,,,,,,,,,,,,,,,,,,,,,,,,,,,,,,,,,
Freezing Cloud,Wizard,Attack,1,,Arcane,Daily,,,,,,,,,,,,,,,,,,,,,,,,,,,,,,,,,,,,,,,,,,,,,,,
Sleep,Wizard,Attack,1,,Arcane,Daily,,,,,,,,,,,,,,,,,,,,,,,,,,,,,,,,,,,,,,,,,,,,,,,
Expeditious Retreat,Wizard,Utility,2,,Arcane,Daily,,,,,,,,,,,,,,,,,,,,,,,,,,,,,,,,,,,,,,,,,,,,,,,
Feather Fall,Wizard,Utility,2,,Arcane,Daily,,,,,,,,,,,,,,,,,,,,,,,,,,,,,,,,,,,,,,,,,,,,,,,
Jump,Wizard,Utility,2,,Arcane,Encounter,,,,,,,,,,,,,,,,,,,,,,,,,,,,,,,,,,,,,,,,,,,,,,,
Shield,Wizard,Utility,2,,Arcane,Encounter,,,,,,,,,,,,,,,,,,,,,,,,,,,,,,,,,,,,,,,,,,,,,,,
Color Spray,Wizard,Attack,3,,Arcane,Encounter,,,,,,,,,,,,,,,,,,,,,,,,,,,,,,,,,,,,,,,,,,,,,,,
Fire Shroud,Wizard,Attack,3,,Arcane,Encounter,,,,,,,,,,,,,,,,,,,,,,,,,,,,,,,,,,,,,,,,,,,,,,,
icy Rays,Wizard,Attack,3,,Arcane,Encounter,,,,,,,,,,,,,,,,,,,,,,,,,,,,,,,,,,,,,,,,,,,,,,,
Shock Sphere,Wizard,Attack,3,,Arcane,Encounter,,,,,,,,,,,,,,,,,,,,,,,,,,,,,,,,,,,,,,,,,,,,,,,
Bigby's Icy Grasp,Wizard,Attack,5,,Arcane,Daily,,,,,,,,,,,,,,,,,,,,,,,,,,,,,,,,,,,,,,,,,,,,,,,
Fireball,Wizard,Attack,5,,Arcane,Daily,,,,,,,,,,,,,,,,,,,,,,,,,,,,,,,,,,,,,,,,,,,,,,,
Stinking Cloud,Wizard,Attack,5,,Arcane,Daily,,,,,,,,,,,,,,,,,,,,,,,,,,,,,,,,,,,,,,,,,,,,,,,
Web,Wizard,Attack,5,,Arcane,Daily,,,,,,,,,,,,,,,,,,,,,,,,,,,,,,,,,,,,,,,,,,,,,,,
Dimension Door,Wizard,Attack,6,,Arcane,Daily,,,,,,,,,,,,,,,,,,,,,,,,,,,,,,,,,,,,,,,,,,,,,,,
Disguise Self,Wizard,Attack,6,,Arcane,Daily,,,,,,,,,,,,,,,,,,,,,,,,,,,,,,,,,,,,,,,,,,,,,,,
Dispel Magic,Wizard,Attack,6,,Arcane,Daily,,,,,,,,,,,,,,,,,,,,,,,,,,,,,,,,,,,,,,,,,,,,,,,
Invisibility,Wizard,Attack,6,,Arcane,Daily,,,,,,,,,,,,,,,,,,,,,,,,,,,,,,,,,,,,,,,,,,,,,,,
Levitate,Wizard,Attack,6,,Arcane,Daily,,,,,,,,,,,,,,,,,,,,,,,,,,,,,,,,,,,,,,,,,,,,,,,
Wall of Fog,Wizard,Attack,6,,Arcane,Daily,,,,,,,,,,,,,,,,,,,,,,,,,,,,,,,,,,,,,,,,,,,,,,,
Fire Burst,Wizard,Attack,7,,Arcane,Encounter,,,,,,,,,,,,,,,,,,,,,,,,,,,,,,,,,,,,,,,,,,,,,,,
Lightning Bolt,Wizard,Attack,7,,Arcane,Encounter,,,,,,,,,,,,,,,,,,,,,,,,,,,,,,,,,,,,,,,,,,,,,,,
Spectral Ram,Wizard,Attack,7,,Arcane,Encounter,,,,,,,,,,,,,,,,,,,,,,,,,,,,,,,,,,,,,,,,,,,,,,,
Winter's Wrath,Wizard,Attack,7,,Arcane,Encounter,,,,,,,,,,,,,,,,,,,,,,,,,,,,,,,,,,,,,,,,,,,,,,,
Ice Storm,Wizard,Attack,9,,Arcane,Daily,,,,,,,,,,,,,,,,,,,,,,,,,,,,,,,,,,,,,,,,,,,,,,,
Lightning Serpent,Wizard,Attack,9,,Arcane,Daily,,,,,,,,,,,,,,,,,,,,,,,,,,,,,,,,,,,,,,,,,,,,,,,
Mordenkainen's Sword,Wizard,Attack,9,,Arcane,Daily,,,,,,,,,,,,,,,,,,,,,,,,,,,,,,,,,,,,,,,,,,,,,,,
Wall of Fire,Wizard,Attack,9,,Arcane,Daily,,,,,,,,,,,,,,,,,,,,,,,,,,,,,,,,,,,,,,,,,,,,,,,
Arcane Gate,Wizard,Utility,10,,Arcane,Daily,,,,,,,,,,,,,,,,,,,,,,,,,,,,,,,,,,,,,,,,,,,,,,,
Blur,Wizard,Utility,10,,Arcane,Daily,,,,,,,,,,,,,,,,,,,,,,,,,,,,,,,,,,,,,,,,,,,,,,,
Mirror Image,Wizard,Utility,10,,Arcane,Daily,,,,,,,,,,,,,,,,,,,,,,,,,,,,,,,,,,,,,,,,,,,,,,,
Resistance,Wizard,Utility,10,,Arcane,Daily,,,,,,,,,,,,,,,,,,,,,,,,,,,,,,,,,,,,,,,,,,,,,,,
Frostburn,Wizard,Attack,13,,Arcane,Encounter,,,,,,,,,,,,,,,,,,,,,,,,,,,,,,,,,,,,,,,,,,,,,,,
Mesmeric Hold,Wizard,Attack,13,,Arcane,Encounter,,,,,,,,,,,,,,,,,,,,,,,,,,,,,,,,,,,,,,,,,,,,,,,
Prismatic Burst,Wizard,Attack,13,,Arcane,Encounter,,,,,,,,,,,,,,,,,,,,,,,,,,,,,,,,,,,,,,,,,,,,,,,
Thunderlance,Wizard,Attack,13,,Arcane,Encounter,,,,,,,,,,,,,,,,,,,,,,,,,,,,,,,,,,,,,,,,,,,,,,,
Bigby's Grasping Hands,Wizard,Attack,15,,Arcane,Daily,,,,,,,,,,,,,,,,,,,,,,,,,,,,,,,,,,,,,,,,,,,,,,,
Blast of Cold,Wizard,Attack,15,,Arcane,Daily,,,,,,,,,,,,,,,,,,,,,,,,,,,,,,,,,,,,,,,,,,,,,,,
Otiluke's Resiliant Sphere,Wizard,Attack,15,,Arcane,Daily,,,,,,,,,,,,,,,,,,,,,,,,,,,,,,,,,,,,,,,,,,,,,,,
Prismatic Beams,Wizard,Attack,15,,Arcane,Daily,,,,,,,,,,,,,,,,,,,,,,,,,,,,,,,,,,,,,,,,,,,,,,,
Wall of Ice,Wizard,Attack,15,,Arcane,Daily,,,,,,,,,,,,,,,,,,,,,,,,,,,,,,,,,,,,,,,,,,,,,,,
Displacement,Wizard,Utility,16,,Arcane,Encounter,,,,,,,,,,,,,,,,,,,,,,,,,,,,,,,,,,,,,,,,,,,,,,,
Fly,Wizard,Utility,16,,Arcane,Daily,,,,,,,,,,,,,,,,,,,,,,,,,,,,,,,,,,,,,,,,,,,,,,,
Greater Invisibility,Wizard,Utility,16,,Arcane,Daily,,,,,,,,,,,,,,,,,,,,,,,,,,,,,,,,,,,,,,,,,,,,,,,
Stoneskin,Wizard,Utility,16,,Arcane,Daily,,,,,,,,,,,,,,,,,,,,,,,,,,,,,,,,,,,,,,,,,,,,,,,
Combust,Wizard,Attack,17,,Arcane,Encounter,,,,,,,,,,,,,,,,,,,,,,,,,,,,,,,,,,,,,,,,,,,,,,,
Crushing Titan's Fist,Wizard,Attack,17,,Arcane,Encounter,,,,,,,,,,,,,,,,,,,,,,,,,,,,,,,,,,,,,,,,,,,,,,,
Force Volley,Wizard,Attack,17,,Arcane,Encounter,,,,,,,,,,,,,,,,,,,,,,,,,,,,,,,,,,,,,,,,,,,,,,,
ice Tomb,Wizard,Attack,17,,Arcane,Encounter,,,,,,,,,,,,,,,,,,,,,,,,,,,,,,,,,,,,,,,,,,,,,,,
Acid Wave,Wizard,Attack,19,,Arcane,Daily,,,,,,,,,,,,,,,,,,,,,,,,,,,,,,,,,,,,,,,,,,,,,,,
Cloudkill,Wizard,Attack,19,,Arcane,Daily,,,,,,,,,,,,,,,,,,,,,,,,,,,,,,,,,,,,,,,,,,,,,,,
Disintegrate,Wizard,Attack,19,,Arcane,Daily,,,,,,,,,,,,,,,,,,,,,,,,,,,,,,,,,,,,,,,,,,,,,,,
Evard's Black Tentacles,Wizard,Attack,19,,Arcane,Daily,,,,,,,,,,,,,,,,,,,,,,,,,,,,,,,,,,,,,,,,,,,,,,,
Mass Fly,Wizard,Utility,22,,Arcane,Daily,,,,,,,,,,,,,,,,,,,,,,,,,,,,,,,,,,,,,,,,,,,,,,,
Mordenkainen's Mansion,Wizard,Utility,22,,Arcane,Daily,,,,,,,,,,,,,,,,,,,,,,,,,,,,,,,,,,,,,,,,,,,,,,,
Time Stop,Wizard,Utility,22,,Arcane,Daily,,,,,,,,,,,,,,,,,,,,,,,,,,,,,,,,,,,,,,,,,,,,,,,
Acid Storm,Wizard,Attack,23,,Arcane,Encounter,,,,,,,,,,,,,,,,,,,,,,,,,,,,,,,,,,,,,,,,,,,,,,,
Chain Lightning,Wizard,Attack,23,,Arcane,Encounter,,,,,,,,,,,,,,,,,,,,,,,,,,,,,,,,,,,,,,,,,,,,,,,
Thunderclap,Wizard,Attack,23,,Arcane,Encounter,,,,,,,,,,,,,,,,,,,,,,,,,,,,,,,,,,,,,,,,,,,,,,,
Elemental Maw,Wizard,Attack,25,,Arcane,Daily,,,,,,,,,,,,,,,,,,,,,,,,,,,,,,,,,,,,,,,,,,,,,,,
Maze,Wizard,Attack,25,,Arcane,Daily,,,,,,,,,,,,,,,,,,,,,,,,,,,,,,,,,,,,,,,,,,,,,,,
Necrotic Web,Wizard,Attack,25,,Arcane,Daily,,,,,,,,,,,,,,,,,,,,,,,,,,,,,,,,,,,,,,,,,,,,,,,
Prismatic Spray,Wizard,Attack,25,,Arcane,Daily,,,,,,,,,,,,,,,,,,,,,,,,,,,,,,,,,,,,,,,,,,,,,,,
Black Fire,Wizard,Attack,27,,Arcane,Encounter,,,,,,,,,,,,,,,,,,,,,,,,,,,,,,,,,,,,,,,,,,,,,,,
Confusion,Wizard,Attack,27,,Arcane,Encounter,,,,,,,,,,,,,,,,,,,,,,,,,,,,,,,,,,,,,,,,,,,,,,,
Forcecage,Wizard,Attack,27,,Arcane,Encounter,,,,,,,,,,,,,,,,,,,,,,,,,,,,,,,,,,,,,,,,,,,,,,,
Greater Ice Storm,Wizard,Attack,29,,Arcane,Daily,,,,,,,,,,,,,,,,,,,,,,,,,,,,,,,,,,,,,,,,,,,,,,,
Legion's Hold,Wizard,Attack,29,,Arcane,Daily,,,,,,,,,,,,,,,,,,,,,,,,,,,,,,,,,,,,,,,,,,,,,,,
Meteor Swarm,Wizard,Attack,29,,Arcane,Daily,,,,,,,,,,,,,,,,,,,,,,,,,,,,,,,,,,,,,,,,,,,,,,,